joint_vel_0,joint_vel_1,joint_vel_2,joint_vel_3,joint_vel_4,joint_vel_5,joint_vel_6,joint_vel_7,joint_vel_8,joint_vel_9,joint_vel_10,joint_vel_11,joint_vel_12,joint_vel_13,joint_vel_14,joint_vel_15,joint_vel_16,joint_vel_17,joint_vel_18,joint_vel_19,joint_vel_20,joint_vel_21,joint_vel_22,joint_vel_23,joint_vel_24,joint_vel_25,joint_vel_26,joint_vel_27,joint_vel_28
0.0,0.0,0.0,0.0,0.0,0.0,0.0,0.0,0.0,0.0,0.0,-7.8949399292469025,0.0,0.0,0.0,1.8107062205672264,0.0,0.0,0.0,2.63628289103508,0.0,2.355404384434223,0.0,0.01103571630665098,0.0,1.5034709125757217,0.0,0.9515366517007351,0.0
0.0,0.0,0.0,0.0,0.0,0.0,0.0,0.0,0.0,0.0,0.0,-7.533499971032143,0.0,0.0,0.0,1.7600047402083874,0.0,0.0,0.0,2.322659455239773,0.0,2.162716444581747,0.0,0.016732682706788165,0.0,1.3437632471323013,0.0,0.8201498072594404,0.0
0.0,0.0,0.0,0.0,0.0,0.0,0.0,0.0,0.0,0.0,0.0,-6.643987447023392,0.0,0.0,0.0,1.5701867640018463,0.0,0.0,0.0,1.6319794580340385,0.0,1.814907230436802,0.0,0.0203945684916107,0.0,1.0492488741874695,0.0,0.5370780825614929,0.0
0.0,0.0,0.0,0.0,0.0,0.0,0.0,0.0,0.0,0.0,0.0,-5.45833632349968,0.0,0.0,0.0,1.2025956064462662,0.0,0.0,0.0,0.8997350931167603,0.0,1.5422001481056213,0.0,0.008422968676313758,0.0,0.817578099668026,0.0,0.24910969659686089,0.0
0.0,0.0,0.0,0.0,0.0,0.0,0.0,0.0,0.0,0.0,0.0,-4.030875861644745,0.0,0.0,0.0,0.6877962499856949,0.0,0.0,0.0,0.2576850354671478,0.0,1.2817353010177612,0.0,-0.013813672558171675,0.0,0.6321338936686516,0.0,0.011896807700395584,0.0
0.0,0.0,0.0,0.0,0.0,0.0,0.0,0.0,0.0,0.0,0.0,-2.4039730429649353,0.0,0.0,0.0,0.10695867240428925,0.0,0.0,0.0,-0.2275262027978897,0.0,0.9113963693380356,0.0,-0.0343272062309552,0.0,0.43166596442461014,0.0,-0.14600083231925964,0.0
0.0,0.0,0.0,0.0,0.0,0.0,0.0,0.0,0.0,0.0,0.0,-0.6664291024208069,0.0,0.0,0.0,-0.43315887451171875,0.0,0.0,0.0,-0.5296427756547928,0.0,0.36870986223220825,0.0,-0.04308470888645388,0.0,0.17790086567401886,0.0,-0.21700598299503326,0.0
0.0,0.0,0.0,0.0,0.0,0.0,0.0,0.0,0.0,0.0,0.0,1.0143771767616272,0.0,0.0,0.0,-0.8276041597127914,0.0,0.0,0.0,-0.6474975496530533,0.0,-0.29563233256340027,0.0,-0.03667035707621835,0.0,-0.1187589019536972,0.0,-0.21085143089294434,0.0
0.0,0.0,0.0,0.0,0.0,0.0,0.0,0.0,0.0,0.0,0.0,2.4124950170516968,0.0,0.0,0.0,-1.005973294377327,0.0,0.0,0.0,-0.5996335297822952,0.0,-0.9376596659421921,0.0,-0.018590802210383117,0.0,-0.406540185213089,0.0,-0.1491062343120575,0.0
0.0,0.0,0.0,0.0,0.0,0.0,0.0,0.0,0.0,0.0,0.0,3.318355977535248,0.0,0.0,0.0,-0.9454488754272461,0.0,0.0,0.0,-0.41328035295009613,0.0,-1.3947270810604095,0.0,0.004689121851697564,0.0,-0.6217684596776962,0.0,-0.05422467365860939,0.0
0.0,0.0,0.0,0.0,0.0,0.0,0.0,0.0,0.0,0.0,0.0,3.6262184381484985,0.0,0.0,0.0,-0.672612339258194,0.0,0.0,0.0,-0.11690519750118256,0.0,-1.5963178128004074,0.0,0.02819714427459985,0.0,-0.7344480603933334,0.0,0.05995938554406166,0.0
0.0,0.0,0.0,0.0,0.0,0.0,0.0,0.0,0.0,0.0,0.0,3.364907205104828,0.0,0.0,0.0,-0.2540621906518936,0.0,0.0,0.0,0.2560943365097046,0.0,-1.6063908115029335,0.0,0.049472238606540486,0.0,-0.7675390690565109,0.0,0.18644127994775772,0.0
0.0,0.0,0.0,0.0,0.0,0.0,0.0,0.0,0.0,0.0,0.0,2.678416669368744,0.0,0.0,0.0,0.2245042473077774,0.0,0.0,0.0,0.658213347196579,0.0,-1.572313904762268,0.0,0.06754048226866871,0.0,-0.7820045575499535,0.0,0.31558265909552574,0.0
0.0,0.0,0.0,0.0,0.0,0.0,0.0,0.0,0.0,0.0,0.0,1.7742373049259186,0.0,0.0,0.0,0.6696397438645363,0.0,0.0,0.0,1.0185398161411285,0.0,-1.6296682879328728,0.0,0.08197175702662207,0.0,-0.8381986990571022,0.0,0.4291861318051815,0.0
0.0,0.0,0.0,0.0,0.0,0.0,0.0,0.0,0.0,0.0,0.0,0.8481793105602264,0.0,0.0,0.0,1.0034061968326569,0.0,0.0,0.0,1.2623533606529236,0.0,-1.8082062801113352,0.0,0.09204480447806418,0.0,-0.9495117235928774,0.0,0.5045607686042786,0.0
0.0,0.0,0.0,0.0,0.0,0.0,0.0,0.0,0.0,0.0,0.0,0.016473233699798584,0.0,0.0,0.0,1.1774344369769096,0.0,0.0,0.0,1.3335831463336945,0.0,-2.005509100854397,0.0,0.0954257498960942,0.0,-1.0640091059030965,0.0,0.5201071500778198,0.0
0.0,0.0,0.0,0.0,0.0,0.0,0.0,0.0,0.0,0.0,0.0,-0.6923019886016846,0.0,0.0,0.0,1.1780455708503723,0.0,0.0,0.0,1.204828917980194,0.0,-2.0527723158011213,0.0,0.08916816441342235,0.0,-1.093323901295662,0.0,0.4616718739271164,0.0
0.0,0.0,0.0,0.0,0.0,0.0,0.0,0.0,0.0,0.0,0.0,-1.2712210416793823,0.0,0.0,0.0,1.0262440890073776,0.0,0.0,0.0,0.8846897631883621,0.0,-1.8342755734920502,0.0,0.07251567440107465,0.0,-0.9741377289174125,0.0,0.32888054847717285,0.0
0.0,0.0,0.0,0.0,0.0,0.0,0.0,0.0,0.0,0.0,0.0,-1.6830220818519592,0.0,0.0,0.0,0.7530860602855682,0.0,0.0,0.0,0.40292367339134216,0.0,-1.3555938377976418,0.0,0.04859778564423323,0.0,-0.7078100461512804,0.0,0.1334063708782196,0.0
0.0,0.0,0.0,0.0,0.0,0.0,0.0,0.0,0.0,0.0,0.0,-1.8649660050868988,0.0,0.0,0.0,0.386592373251915,0.0,0.0,0.0,-0.19387975335121155,0.0,-0.7278135046362877,0.0,0.024213222786784172,0.0,-0.35684630274772644,0.0,-0.10163988918066025,0.0
0.0,0.0,0.0,0.0,0.0,0.0,0.0,0.0,0.0,0.0,0.0,-1.7667092382907867,0.0,0.0,0.0,-0.03961734473705292,0.0,0.0,0.0,-0.827404111623764,0.0,-0.09687952697277069,0.0,0.006379047408699989,0.0,-0.00750543549656868,0.0,-0.34041106700897217,0.0
0.0,0.0,0.0,0.0,0.0,0.0,0.0,0.0,0.0,0.0,0.0,-1.4007553458213806,0.0,0.0,0.0,-0.4732813686132431,0.0,0.0,0.0,-1.391233503818512,0.0,0.43296925723552704,0.0,-0.002607423812150955,0.0,0.2772882580757141,0.0,-0.5418406799435616,0.0
0.0,0.0,0.0,0.0,0.0,0.0,0.0,0.0,0.0,0.0,0.0,-0.8576512336730957,0.0,0.0,0.0,-0.844075158238411,0.0,0.0,0.0,-1.781650260090828,0.0,0.822344608604908,0.0,-0.005742465145885944,0.0,0.4759236704558134,0.0,-0.6717760115861893,0.0
0.0,0.0,0.0,0.0,0.0,0.0,0.0,0.0,0.0,0.0,0.0,-0.2789214253425598,0.0,0.0,0.0,-1.0777950286865234,0.0,0.0,0.0,-1.9250739365816116,0.0,1.087620109319687,0.0,-0.007743737660348415,0.0,0.6036048755049706,0.0,-0.7106837816536427,0.0
0.0,0.0,0.0,0.0,0.0,0.0,0.0,0.0,0.0,0.0,0.0,0.19478946924209595,0.0,0.0,0.0,-1.1233404278755188,0.0,0.0,0.0,-1.7999695613980293,0.0,1.2686180882155895,0.0,-0.012332177720963955,0.0,0.6897190352901816,0.0,-0.6574372760951519,0.0
0.0,0.0,0.0,0.0,0.0,0.0,0.0,0.0,0.0,0.0,0.0,0.4760667681694031,0.0,0.0,0.0,-0.979657843708992,0.0,0.0,0.0,-1.4426309615373611,0.0,1.3796485029160976,0.0,-0.019099912606179714,0.0,0.7457014638930559,0.0,-0.5268672481179237,0.0
0.0,0.0,0.0,0.0,0.0,0.0,0.0,0.0,0.0,0.0,0.0,0.5483716726303101,0.0,0.0,0.0,-0.6884733214974403,0.0,0.0,0.0,-0.9247101843357086,0.0,1.4002620882820338,0.0,-0.023908820003271103,0.0,0.7591440109536052,0.0,-0.34257699735462666,0.0
0.0,0.0,0.0,0.0,0.0,0.0,0.0,0.0,0.0,0.0,0.0,0.46129822731018066,0.0,0.0,0.0,-0.3124536946415901,0.0,0.0,0.0,-0.33551156520843506,0.0,1.301478175446391,0.0,-0.02287828829139471,0.0,0.7100593764334917,0.0,-0.13349531218409538,0.0
0.0,0.0,0.0,0.0,0.0,0.0,0.0,0.0,0.0,0.0,0.0,0.2982795238494873,0.0,0.0,0.0,0.08296072483062744,0.0,0.0,0.0,0.2342570573091507,0.0,1.0715554759372026,0.0,-0.01441100612282753,0.0,0.588446669280529,0.0,0.07002209313213825,0.0
0.0,0.0,0.0,0.0,0.0,0.0,0.0,0.0,0.0,0.0,0.0,0.13780295848846436,0.0,0.0,0.0,0.4421574994921684,0.0,0.0,0.0,0.7106844335794449,0.0,0.7305700797587633,0.0,4.144385457038879e-06,0.0,0.4043680615723133,0.0,0.24223458021879196,0.0
0.0,0.0,0.0,0.0,0.0,0.0,0.0,0.0,0.0,0.0,0.0,0.032810866832733154,0.0,0.0,0.0,0.7236586883664131,0.0,0.0,0.0,1.0485343635082245,0.0,0.3334907814860344,0.0,0.016773981042206287,0.0,0.18896153196692467,0.0,0.3668724559247494,0.0
0.0,0.0,0.0,0.0,0.0,0.0,0.0,0.0,0.0,0.0,0.0,-0.0027552247047424316,0.0,0.0,0.0,0.9031038731336594,0.0,0.0,0.0,1.2358114123344421,0.0,-0.03858497366309166,0.0,0.0316631980240345,0.0,-0.012336578220129013,0.0,0.4388274624943733,0.0
0.0,0.0,0.0,0.0,0.0,0.0,0.0,0.0,0.0,0.0,0.0,0.01265406608581543,0.0,0.0,0.0,0.9685292840003967,0.0,0.0,0.0,1.2794071808457375,0.0,-0.30705835670232773,0.0,0.0411404762417078,0.0,-0.15696920454502106,0.0,0.4592687822878361,0.0
0.0,0.0,0.0,0.0,0.0,0.0,0.0,0.0,0.0,0.0,0.0,0.055602192878723145,0.0,0.0,0.0,0.918995589017868,0.0,0.0,0.0,1.1936713010072708,0.0,-0.43155066668987274,0.0,0.04339271690696478,0.0,-0.22425903007388115,0.0,0.43225400149822235,0.0
0.0,0.0,0.0,0.0,0.0,0.0,0.0,0.0,0.0,0.0,0.0,0.1143336296081543,0.0,0.0,0.0,0.7674984633922577,0.0,0.0,0.0,0.9984787553548813,0.0,-0.4300714936107397,0.0,0.03889324143528938,0.0,-0.22472869604825974,0.0,0.3646708093583584,0.0
0.0,0.0,0.0,0.0,0.0,0.0,0.0,0.0,0.0,0.0,0.0,0.17560720443725586,0.0,0.0,0.0,0.5395133048295975,0.0,0.0,0.0,0.7204726338386536,0.0,-0.34332387149333954,0.0,0.02930068876594305,0.0,-0.18032528460025787,0.0,0.2661909908056259,0.0
0.0,0.0,0.0,0.0,0.0,0.0,0.0,0.0,0.0,0.0,0.0,0.225163996219635,0.0,0.0,0.0,0.2688013017177582,0.0,0.0,0.0,0.39329230785369873,0.0,-0.206705741584301,0.0,0.016644666902720928,0.0,-0.1097237691283226,0.0,0.1489628106355667,0.0
0.0,0.0,0.0,0.0,0.0,0.0,0.0,0.0,0.0,0.0,0.0,0.25359541177749634,0.0,0.0,0.0,-0.007118657231330872,0.0,0.0,0.0,0.05395933985710144,0.0,-0.055482517927885056,0.0,0.003352295607328415,0.0,-0.0313369557261467,0.0,0.02654939889907837,0.0
0.0,0.0,0.0,0.0,0.0,0.0,0.0,0.0,0.0,0.0,0.0,0.24661123752593994,0.0,0.0,0.0,-0.2516217529773712,0.0,0.0,0.0,-0.2595629543066025,0.0,0.08970322087407112,0.0,-0.008801417425274849,0.0,0.04432192072272301,0.0,-0.0876525416970253,0.0
0.0,0.0,0.0,0.0,0.0,0.0,0.0,0.0,0.0,0.0,0.0,0.19013583660125732,0.0,0.0,0.0,-0.4367813467979431,0.0,0.0,0.0,-0.5153965204954147,0.0,0.22239568643271923,0.0,-0.018992694094777107,0.0,0.11425474658608437,0.0,-0.18277671188116074,0.0
0.0,0.0,0.0,0.0,0.0,0.0,0.0,0.0,0.0,0.0,0.0,0.07970631122589111,0.0,0.0,0.0,-0.5525603890419006,0.0,0.0,0.0,-0.6985418498516083,0.0,0.3418728243559599,0.0,-0.02708788961172104,0.0,0.17822235822677612,0.0,-0.2536337822675705,0.0
0.0,0.0,0.0,0.0,0.0,0.0,0.0,0.0,0.0,0.0,0.0,-0.07905960083007812,0.0,0.0,0.0,-0.5980730056762695,0.0,0.0,0.0,-0.8020110428333282,0.0,0.44675334356725216,0.0,-0.032988726161420345,0.0,0.23533497005701065,0.0,-0.2973247319459915,0.0
0.0,0.0,0.0,0.0,0.0,0.0,0.0,0.0,0.0,0.0,0.0,-0.26895999908447266,0.0,0.0,0.0,-0.5754575133323669,0.0,0.0,0.0,-0.8190006017684937,0.0,0.5232156254351139,0.0,-0.03613482695072889,0.0,0.2776931971311569,0.0,-0.31015826389193535,0.0
0.0,0.0,0.0,0.0,0.0,0.0,0.0,0.0,0.0,0.0,0.0,-0.4622042179107666,0.0,0.0,0.0,-0.49626976251602173,0.0,0.0,0.0,-0.7539365440607071,0.0,0.5515364930033684,0.0,-0.03594039008021355,0.0,0.29397066682577133,0.0,-0.292010884732008,0.0
0.0,0.0,0.0,0.0,0.0,0.0,0.0,0.0,0.0,0.0,0.0,-0.6280869245529175,0.0,0.0,0.0,-0.3770172595977783,0.0,0.0,0.0,-0.6227023899555206,0.0,0.5209287628531456,0.0,-0.03220038488507271,0.0,0.27790367603302,0.0,-0.2473769709467888,0.0
0.0,0.0,0.0,0.0,0.0,0.0,0.0,0.0,0.0,0.0,0.0,-0.7385373115539551,0.0,0.0,0.0,-0.2354796975851059,0.0,0.0,0.0,-0.4482582211494446,0.0,0.4316331818699837,0.0,-0.025245477445423603,0.0,0.22972319275140762,0.0,-0.18409732729196548,0.0
0.0,0.0,0.0,0.0,0.0,0.0,0.0,0.0,0.0,0.0,0.0,-0.7716283202171326,0.0,0.0,0.0,-0.08908882737159729,0.0,0.0,0.0,-0.2559192478656769,0.0,0.29305964708328247,0.0,-0.015948712825775146,0.0,0.15507247298955917,0.0,-0.11156098917126656,0.0
0.0,0.0,0.0,0.0,0.0,0.0,0.0,0.0,0.0,0.0,0.0,-0.7151782512664795,0.0,0.0,0.0,0.04635825753211975,0.0,0.0,0.0,-0.06905011832714081,0.0,0.1237776130437851,0.0,-0.005599018186330795,0.0,0.0646473839879036,0.0,-0.038952287286520004,0.0
0.0,0.0,0.0,0.0,0.0,0.0,0.0,0.0,0.0,0.0,0.0,-0.5714789032936096,0.0,0.0,0.0,0.15767067670822144,0.0,0.0,0.0,0.09372532367706299,0.0,-0.04997812211513519,0.0,0.0043267617002129555,0.0,-0.027094408869743347,0.0,0.025995448231697083,0.0
0.0,0.0,0.0,0.0,0.0,0.0,0.0,0.0,0.0,0.0,0.0,-0.3555715084075928,0.0,0.0,0.0,0.23607872426509857,0.0,0.0,0.0,0.22122710943222046,0.0,-0.20581744611263275,0.0,0.01264922320842743,0.0,-0.10836552828550339,0.0,0.07842350751161575,0.0
0.0,0.0,0.0,0.0,0.0,0.0,0.0,0.0,0.0,0.0,0.0,-0.08837729692459106,0.0,0.0,0.0,0.28106607496738434,0.0,0.0,0.0,0.3131013363599777,0.0,-0.3409508615732193,0.0,0.01910387072712183,0.0,-0.1782165840268135,0.0,0.11800294741988182,0.0
0.0,0.0,0.0,0.0,0.0,0.0,0.0,0.0,0.0,0.0,0.0,0.19925683736801147,0.0,0.0,0.0,0.3007281571626663,0.0,0.0,0.0,0.3786962479352951,0.0,-0.45156385749578476,0.0,0.023861113004386425,0.0,-0.23533795028924942,0.0,0.14777090400457382,0.0
0.0,0.0,0.0,0.0,0.0,0.0,0.0,0.0,0.0,0.0,0.0,0.4697561264038086,0.0,0.0,0.0,0.29984936118125916,0.0,0.0,0.0,0.42228586971759796,0.0,-0.5220456980168819,0.0,0.026728748343884945,0.0,-0.27227411046624184,0.0,0.1686476171016693,0.0
0.0,0.0,0.0,0.0,0.0,0.0,0.0,0.0,0.0,0.0,0.0,0.6899401545524597,0.0,0.0,0.0,0.27932822704315186,0.0,0.0,0.0,0.44154226779937744,0.0,-0.5466572940349579,0.0,0.02757327165454626,0.0,-0.2864287234842777,0.0,0.17950758337974548,0.0
0.0,0.0,0.0,0.0,0.0,0.0,0.0,0.0,0.0,0.0,0.0,0.8377343416213989,0.0,0.0,0.0,0.2432987093925476,0.0,0.0,0.0,0.4363458603620529,0.0,-0.5305514670908451,0.0,0.02661168109625578,0.0,-0.2802274189889431,0.0,0.18018297851085663,0.0
0.0,0.0,0.0,0.0,0.0,0.0,0.0,0.0,0.0,0.0,0.0,0.8997797966003418,0.0,0.0,0.0,0.19765086472034454,0.0,0.0,0.0,0.40794946253299713,0.0,-0.4789758939296007,0.0,0.02409734297543764,0.0,-0.2556881867349148,0.0,0.1708410680294037,0.0
0.0,0.0,0.0,0.0,0.0,0.0,0.0,0.0,0.0,0.0,0.0,0.8671149611473083,0.0,0.0,0.0,0.14918148517608643,0.0,0.0,0.0,0.3583144396543503,0.0,-0.3975911531597376,0.0,0.020287558436393738,0.0,-0.21490389481186867,0.0,0.15179207548499107,0.0
0.0,0.0,0.0,0.0,0.0,0.0,0.0,0.0,0.0,0.0,0.0,0.7415428757667542,0.0,0.0,0.0,0.10315105319023132,0.0,0.0,0.0,0.288940966129303,0.0,-0.2977053867653012,0.0,0.01555627677589655,0.0,-0.16307001933455467,0.0,0.12345779687166214,0.0
0.0,0.0,0.0,0.0,0.0,0.0,0.0,0.0,0.0,0.0,0.0,0.5387768149375916,0.0,0.0,0.0,0.0618908554315567,0.0,0.0,0.0,0.20175017416477203,0.0,-0.1923779956996441,0.0,0.01033400185406208,0.0,-0.106757041066885,0.0,0.0867944210767746,0.0
0.0,0.0,0.0,0.0,0.0,0.0,0.0,0.0,0.0,0.0,0.0,0.28673261404037476,0.0,0.0,0.0,0.02547241747379303,0.0,0.0,0.0,0.10100863873958588,0.0,-0.09499435545876622,0.0,0.005105859600007534,0.0,-0.05329670384526253,0.0,0.04402920603752136,0.0
0.0,0.0,0.0,0.0,0.0,0.0,0.0,0.0,0.0,0.0,0.0,0.01910179853439331,0.0,0.0,0.0,-0.007647648453712463,0.0,0.0,0.0,-0.006848201155662537,0.0,-0.014743092469871044,0.0,0.0002727378159761429,0.0,-0.008197315037250519,0.0,-0.001609697937965393,0.0
0.0,0.0,0.0,0.0,0.0,0.0,0.0,0.0,0.0,0.0,0.0,-0.23308098316192627,0.0,0.0,0.0,-0.04015788435935974,0.0,0.0,0.0,-0.11499635875225067,0.0,0.04855339648202062,0.0,-0.0040389131754636765,0.0,0.027949176728725433,0.0,-0.04688706248998642,0.0
0.0,0.0,0.0,0.0,0.0,0.0,0.0,0.0,0.0,0.0,0.0,-0.4456430673599243,0.0,0.0,0.0,-0.07429607212543488,0.0,0.0,0.0,-0.2165667712688446,0.0,0.1057345187291503,0.0,-0.00799461267888546,0.0,0.06048521026968956,0.0,-0.08894633501768112,0.0
0.0,0.0,0.0,0.0,0.0,0.0,0.0,0.0,0.0,0.0,0.0,-0.6001532077789307,0.0,0.0,0.0,-0.11444948613643646,0.0,0.0,0.0,-0.31037814915180206,0.0,0.16415754798799753,0.0,-0.01175904180854559,0.0,0.09307814761996269,0.0,-0.1270269975066185,0.0
0.0,0.0,0.0,0.0,0.0,0.0,0.0,0.0,0.0,0.0,0.0,-0.6882369518280029,0.0,0.0,0.0,-0.1601286232471466,0.0,0.0,0.0,-0.39267726242542267,0.0,0.2194635570049286,0.0,-0.015128287486732006,0.0,0.12323958799242973,0.0,-0.1593814231455326,0.0
0.0,0.0,0.0,0.0,0.0,0.0,0.0,0.0,0.0,0.0,0.0,-0.7084578275680542,0.0,0.0,0.0,-0.20240694284439087,0.0,0.0,0.0,-0.4501521587371826,0.0,0.26453216560184956,0.0,-0.01765470951795578,0.0,0.14710761606693268,0.0,-0.18099118024110794,0.0
0.0,0.0,0.0,0.0,0.0,0.0,0.0,0.0,0.0,0.0,0.0,-0.6614923477172852,0.0,0.0,0.0,-0.23279115557670593,0.0,0.0,0.0,-0.47188661992549896,0.0,0.29403953813016415,0.0,-0.018969294615089893,0.0,0.16190866008400917,0.0,-0.18792636692523956,0.0
0.0,0.0,0.0,0.0,0.0,0.0,0.0,0.0,0.0,0.0,0.0,-0.5552664399147034,0.0,0.0,0.0,-0.2448342740535736,0.0,0.0,0.0,-0.45362599194049835,0.0,0.3053629770874977,0.0,-0.018862681463360786,0.0,0.16652382910251617,0.0,-0.17898986116051674,0.0
0.0,0.0,0.0,0.0,0.0,0.0,0.0,0.0,0.0,0.0,0.0,-0.403672456741333,0.0,0.0,0.0,-0.2335578203201294,0.0,0.0,0.0,-0.39537176489830017,0.0,0.29620788991451263,0.0,-0.017209979705512524,0.0,0.16008298844099045,0.0,-0.15466045588254929,0.0
0.0,0.0,0.0,0.0,0.0,0.0,0.0,0.0,0.0,0.0,0.0,-0.22409260272979736,0.0,0.0,0.0,-0.19645504653453827,0.0,0.0,0.0,-0.3007400780916214,0.0,0.2645093947649002,0.0,-0.01399137545377016,0.0,0.1418055035173893,0.0,-0.11671502143144608,0.0
0.0,0.0,0.0,0.0,0.0,0.0,0.0,0.0,0.0,0.0,0.0,-0.03668069839477539,0.0,0.0,0.0,-0.1357685774564743,0.0,0.0,0.0,-0.17889998853206635,0.0,0.21179085597395897,0.0,-0.009442120790481567,0.0,0.11273408308625221,0.0,-0.0689096748828888,0.0
0.0,0.0,0.0,0.0,0.0,0.0,0.0,0.0,0.0,0.0,0.0,0.13879388570785522,0.0,0.0,0.0,-0.0581253319978714,0.0,0.0,0.0,-0.04292987287044525,0.0,0.14199251309037209,0.0,-0.004000449553132057,0.0,0.07506180554628372,0.0,-0.016285665333271027,0.0
0.0,0.0,0.0,0.0,0.0,0.0,0.0,0.0,0.0,0.0,0.0,0.28679966926574707,0.0,0.0,0.0,0.02759210765361786,0.0,0.0,0.0,0.09377188980579376,0.0,0.05904613062739372,0.0,0.001839292235672474,0.0,0.030825939029455185,0.0,0.03620125353336334,0.0
0.0,0.0,0.0,0.0,0.0,0.0,0.0,0.0,0.0,0.0,0.0,0.39830952882766724,0.0,0.0,0.0,0.11129938066005707,0.0,0.0,0.0,0.21856315433979034,0.0,-0.03161821514368057,0.0,0.007546227425336838,0.0,-0.017237383872270584,0.0,0.08399635553359985,0.0
0.0,0.0,0.0,0.0,0.0,0.0,0.0,0.0,0.0,0.0,0.0,0.4725739359855652,0.0,0.0,0.0,0.18467605113983154,0.0,0.0,0.0,0.3227241337299347,0.0,-0.12127580121159554,0.0,0.012622284702956676,0.0,-0.06466936320066452,0.0,0.12392774224281311,0.0
0.0,0.0,0.0,0.0,0.0,0.0,0.0,0.0,0.0,0.0,0.0,0.5086183547973633,0.0,0.0,0.0,0.24407580494880676,0.0,0.0,0.0,0.40284767746925354,0.0,-0.20116055384278297,0.0,0.016744551248848438,0.0,-0.10691098868846893,0.0,0.15464024618268013,0.0
0.0,0.0,0.0,0.0,0.0,0.0,0.0,0.0,0.0,0.0,0.0,0.5018308758735657,0.0,0.0,0.0,0.2844545990228653,0.0,0.0,0.0,0.4523325711488724,0.0,-0.2659391611814499,0.0,0.019622384570538998,0.0,-0.141178909689188,0.0,0.17371028661727905,0.0
0.0,0.0,0.0,0.0,0.0,0.0,0.0,0.0,0.0,0.0,0.0,0.4509374499320984,0.0,0.0,0.0,0.30003413558006287,0.0,0.0,0.0,0.4638995975255966,0.0,-0.30708080157637596,0.0,0.020833546295762062,0.0,-0.16302168369293213,0.0,0.17835227772593498,0.0
0.0,0.0,0.0,0.0,0.0,0.0,0.0,0.0,0.0,0.0,0.0,0.3614649176597595,0.0,0.0,0.0,0.28907395899295807,0.0,0.0,0.0,0.43568387627601624,0.0,-0.3158828243613243,0.0,0.02008853480219841,0.0,-0.16781194135546684,0.0,0.16761263832449913,0.0
0.0,0.0,0.0,0.0,0.0,0.0,0.0,0.0,0.0,0.0,0.0,0.2448156476020813,0.0,0.0,0.0,0.25174878537654877,0.0,0.0,0.0,0.36821141839027405,0.0,-0.2907651010900736,0.0,0.017396057955920696,0.0,-0.15458222478628159,0.0,0.14159837737679482,0.0
0.0,0.0,0.0,0.0,0.0,0.0,0.0,0.0,0.0,0.0,0.0,0.115184485912323,0.0,0.0,0.0,0.19068866968154907,0.0,0.0,0.0,0.2655584365129471,0.0,-0.2364722080528736,0.0,0.013055512681603432,0.0,-0.12572119012475014,0.0,0.10194256901741028,0.0
0.0,0.0,0.0,0.0,0.0,0.0,0.0,0.0,0.0,0.0,0.0,-0.011551380157470703,0.0,0.0,0.0,0.11198818683624268,0.0,0.0,0.0,0.13736821711063385,0.0,-0.16362364403903484,0.0,0.007674680091440678,0.0,-0.0868314877152443,0.0,0.052554160356521606,0.0
0.0,0.0,0.0,0.0,0.0,0.0,0.0,0.0,0.0,0.0,0.0,-0.12227892875671387,0.0,0.0,0.0,0.024293363094329834,0.0,0.0,0.0,-0.002407655119895935,0.0,-0.08223019540309906,0.0,0.0019294675439596176,0.0,-0.04327632486820221,0.0,-0.0010795891284942627,0.0
0.0,0.0,0.0,0.0,0.0,0.0,0.0,0.0,0.0,0.0,0.0,-0.2099931240081787,0.0,0.0,0.0,-0.06314553320407867,0.0,0.0,0.0,-0.13875365257263184,0.0,0.002441694959998131,0.0,-0.0036637764424085617,0.0,0.00208364799618721,0.0,-0.0532710924744606,0.0
0.0,0.0,0.0,0.0,0.0,0.0,0.0,0.0,0.0,0.0,0.0,-0.27629584074020386,0.0,0.0,0.0,-0.140443816781044,0.0,0.0,0.0,-0.25724731385707855,0.0,0.0874705146998167,0.0,-0.008725258521735668,0.0,0.047696009278297424,0.0,-0.0987878069281578,0.0
0.0,0.0,0.0,0.0,0.0,0.0,0.0,0.0,0.0,0.0,0.0,-0.3249138593673706,0.0,0.0,0.0,-0.20236559212207794,0.0,0.0,0.0,-0.3507167100906372,0.0,0.1649248879402876,0.0,-0.012950855307281017,0.0,0.08927285671234131,0.0,-0.13490114361047745,0.0
0.0,0.0,0.0,0.0,0.0,0.0,0.0,0.0,0.0,0.0,0.0,-0.3544136881828308,0.0,0.0,0.0,-0.246405228972435,0.0,0.0,0.0,-0.41471533477306366,0.0,0.22990545257925987,0.0,-0.0161296920850873,0.0,0.12413831427693367,0.0,-0.15981318429112434,0.0
0.0,0.0,0.0,0.0,0.0,0.0,0.0,0.0,0.0,0.0,0.0,-0.3612220287322998,0.0,0.0,0.0,-0.26822686195373535,0.0,0.0,0.0,-0.441950187087059,0.0,0.2809276804327965,0.0,-0.018050475046038628,0.0,0.15146201476454735,0.0,-0.17076563090085983,0.0
0.0,0.0,0.0,0.0,0.0,0.0,0.0,0.0,0.0,0.0,0.0,-0.34301280975341797,0.0,0.0,0.0,-0.26562437415122986,0.0,0.0,0.0,-0.4291251301765442,0.0,0.31012226827442646,0.0,-0.018465728498995304,0.0,0.16693556681275368,0.0,-0.16634780913591385,0.0
0.0,0.0,0.0,0.0,0.0,0.0,0.0,0.0,0.0,0.0,0.0,-0.3011554479598999,0.0,0.0,0.0,-0.2383928745985031,0.0,0.0,0.0,-0.3775913268327713,0.0,0.3114151768386364,0.0,-0.017246254719793797,0.0,0.16731470823287964,0.0,-0.14701057225465775,0.0
0.0,0.0,0.0,0.0,0.0,0.0,0.0,0.0,0.0,0.0,0.0,-0.23906230926513672,0.0,0.0,0.0,-0.18838569521903992,0.0,0.0,0.0,-0.2926599234342575,0.0,0.28359265998005867,0.0,-0.014428584836423397,0.0,0.15207361429929733,0.0,-0.11480096727609634,0.0
0.0,0.0,0.0,0.0,0.0,0.0,0.0,0.0,0.0,0.0,0.0,-0.1610279083251953,0.0,0.0,0.0,-0.12054294347763062,0.0,0.0,0.0,-0.1838184893131256,0.0,0.22936351597309113,0.0,-0.01024708617478609,0.0,0.12281490489840508,0.0,-0.07333867251873016,0.0
0.0,0.0,0.0,0.0,0.0,0.0,0.0,0.0,0.0,0.0,0.0,-0.07338672876358032,0.0,0.0,0.0,-0.04296116530895233,0.0,0.0,0.0,-0.0641707330942154,0.0,0.15597594901919365,0.0,-0.005183066241443157,0.0,0.08352883160114288,0.0,-0.027614552527666092,0.0
0.0,0.0,0.0,0.0,0.0,0.0,0.0,0.0,0.0,0.0,0.0,0.0170782208442688,0.0,0.0,0.0,0.03487057983875275,0.0,0.0,0.0,0.05257055163383484,0.0,0.07176687940955162,0.0,0.00017320271581411362,0.0,0.03869552165269852,0.0,0.01720217987895012,0.0
0.0,0.0,0.0,0.0,0.0,0.0,0.0,0.0,0.0,0.0,0.0,0.1046985387802124,0.0,0.0,0.0,0.1043856143951416,0.0,0.0,0.0,0.15531666576862335,0.0,-0.01631844788789749,0.0,0.005281902849674225,0.0,-0.008049514144659042,0.0,0.05698744207620621,0.0
0.0,0.0,0.0,0.0,0.0,0.0,0.0,0.0,0.0,0.0,0.0,0.18361061811447144,0.0,0.0,0.0,0.1596245914697647,0.0,0.0,0.0,0.23705139756202698,0.0,-0.0997503288090229,0.0,0.009669899009168148,0.0,-0.052277836948633194,0.0,0.08904151618480682,0.0
0.0,0.0,0.0,0.0,0.0,0.0,0.0,0.0,0.0,0.0,0.0,0.2516523003578186,0.0,0.0,0.0,0.20020827651023865,0.0,0.0,0.0,0.2983897924423218,0.0,-0.17039813101291656,0.0,0.01313663087785244,0.0,-0.08974671363830566,0.0,0.11341199278831482,0.0
0.0,0.0,0.0,0.0,0.0,0.0,0.0,0.0,0.0,0.0,0.0,0.3070250153541565,0.0,0.0,0.0,0.22535473108291626,0.0,0.0,0.0,0.3386460244655609,0.0,-0.2262108027935028,0.0,0.015623914077877998,0.0,-0.11941902339458466,0.0,0.1298476941883564,0.0
0.0,0.0,0.0,0.0,0.0,0.0,0.0,0.0,0.0,0.0,0.0,0.3410935401916504,0.0,0.0,0.0,0.23156218230724335,0.0,0.0,0.0,0.35257376730442047,0.0,-0.26192162185907364,0.0,0.016842037439346313,0.0,-0.13857102021574974,0.0,0.1363028772175312,0.0
0.0,0.0,0.0,0.0,0.0,0.0,0.0,0.0,0.0,0.0,0.0,0.1756519079208374,-3.3286407589912415,0.0,0.0,0.11483654379844666,-0.8528274483978748,0.0,0.0,0.17626546323299408,-1.2964767403900623,-0.13656150549650192,0.33469938207417727,0.008539343252778053,-0.004032826109323651,-0.07233107462525368,0.28066420927643776,0.06841430440545082,-0.47526033595204353
0.0,0.0,0.0,0.0,0.0,0.0,0.0,0.0,0.0,0.0,0.0,0.0,-6.587064266204834,0.0,0.0,0.0,-1.6819847747683525,0.0,0.0,0.0,-2.4755053222179413,0.0,0.6683244369924068,0.0,-0.009766036964720115,0.0,0.5508047994226217,0.0,-0.9010251611471176
0.0,0.0,0.0,0.0,0.0,0.0,0.0,0.0,0.0,0.0,0.0,0.0,-6.29543736577034,0.0,0.0,0.0,-1.6002262942492962,0.0,0.0,0.0,-2.1243552677333355,0.0,0.7238078629598022,0.0,-0.012575523578561842,0.0,0.5518835969269276,0.0,-0.7548118941485882
0.0,0.0,0.0,0.0,0.0,0.0,0.0,0.0,0.0,0.0,0.0,0.0,-5.6892067193984985,0.0,0.0,0.0,-1.4234201982617378,0.0,0.0,0.0,-1.590823009610176,0.0,0.9133870713412762,0.0,-0.01060988797689788,0.0,0.6131873931735754,0.0,-0.537201389670372
0.0,0.0,0.0,0.0,0.0,0.0,0.0,0.0,0.0,0.0,0.0,0.0,-4.745934158563614,0.0,0.0,0.0,-1.1132951825857162,0.0,0.0,0.0,-0.9793657809495926,0.0,1.1872283183038235,0.0,8.489587344229221e-06,0.0,0.7168922573328018,0.0,-0.2956770360469818
0.0,0.0,0.0,0.0,0.0,0.0,0.0,0.0,0.0,0.0,0.0,0.0,-3.4634947776794434,0.0,0.0,0.0,-0.6701808422803879,0.0,0.0,0.0,-0.3911733627319336,0.0,1.378820277750492,0.0,0.016238785974564962,0.0,0.7794997654855251,0.0,-0.0760253518819809
0.0,0.0,0.0,0.0,0.0,0.0,0.0,0.0,0.0,0.0,0.0,0.0,-1.9020512700080872,0.0,0.0,0.0,-0.14789514243602753,0.0,0.0,0.0,0.08921138942241669,0.0,1.3329492881894112,0.0,0.030480464920401573,0.0,0.7246401160955429,0.0,0.08522048592567444
0.0,0.0,0.0,0.0,0.0,0.0,0.0,0.0,0.0,0.0,0.0,0.0,-0.2150207757949829,0.0,0.0,0.0,0.3534667193889618,0.0,0.0,0.0,0.40278807282447815,0.0,1.0115411132574081,0.0,0.03614617198763881,0.0,0.5388464778661728,0.0,0.1685705967247486
0.0,0.0,0.0,0.0,0.0,0.0,0.0,0.0,0.0,0.0,0.0,0.0,1.3660192489624023,0.0,0.0,0.0,0.723482109606266,0.0,0.0,0.0,0.5280595272779465,0.0,0.516674667596817,0.0,0.03156781167490408,0.0,0.2777149900794029,0.0,0.17642518505454063
0.0,0.0,0.0,0.0,0.0,0.0,0.0,0.0,0.0,0.0,0.0,0.0,2.588009834289551,0.0,0.0,0.0,0.8892009034752846,0.0,0.0,0.0,0.48309117555618286,0.0,0.025723129510879517,0.0,0.019657157827168703,0.0,0.02803206443786621,0.0,0.1281444914638996
0.0,0.0,0.0,0.0,0.0,0.0,0.0,0.0,0.0,0.0,0.0,0.0,3.255157172679901,0.0,0.0,0.0,0.8301010355353355,0.0,0.0,0.0,0.304640457034111,0.0,-0.30694976449012756,0.0,0.004856128362007439,0.0,-0.13918429613113403,0.0,0.04626084119081497
0.0,0.0,0.0,0.0,0.0,0.0,0.0,0.0,0.0,0.0,0.0,0.0,3.2958947122097015,0.0,0.0,0.0,0.5721276625990868,0.0,0.0,0.0,0.029664859175682068,0.0,-0.4280604422092438,0.0,-0.009840395068749785,0.0,-0.20125433802604675,0.0,-0.053842365741729736
0.0,0.0,0.0,0.0,0.0,0.0,0.0,0.0,0.0,0.0,0.0,0.0,2.781198173761368,0.0,0.0,0.0,0.17946884036064148,0.0,0.0,0.0,-0.301399827003479,0.0,-0.40795914828777313,0.0,-0.023977586533874273,0.0,-0.19479356706142426,0.0,-0.1621807925403118
0.0,0.0,0.0,0.0,0.0,0.0,0.0,0.0,0.0,0.0,0.0,0.0,1.899079978466034,0.0,0.0,0.0,-0.2632174640893936,0.0,0.0,0.0,-0.6350431591272354,0.0,-0.3936484456062317,0.0,-0.038228612538659945,0.0,-0.19427165389060974,0.0,-0.2664843574166298
0.0,0.0,0.0,0.0,0.0,0.0,0.0,0.0,0.0,0.0,0.0,0.0,0.8912235498428345,0.0,0.0,0.0,-0.6646808236837387,0.0,0.0,0.0,-0.9015534073114395,0.0,-0.5123630166053772,0.0,-0.052427651826292276,0.0,-0.26365816593170166,0.0,-0.3482624888420105
0.0,0.0,0.0,0.0,0.0,0.0,0.0,0.0,0.0,0.0,0.0,0.0,-0.0353492796421051,0.0,0.0,0.0,-0.9465724229812622,0.0,0.0,0.0,-1.0352656245231628,0.0,-0.7841490209102631,0.0,-0.06467455750680529,0.0,-0.4120517522096634,0.0,-0.3873450681567192
0.0,0.0,0.0,0.0,0.0,0.0,0.0,0.0,0.0,0.0,0.0,0.0,-0.773552805185318,0.0,0.0,0.0,-1.061728596687317,0.0,0.0,0.0,-0.9996425360441208,0.0,-1.1015038937330246,0.0,-0.07122690440155566,0.0,-0.58256471529603,0.0,-0.36934446543455124
0.0,0.0,0.0,0.0,0.0,0.0,0.0,0.0,0.0,0.0,0.0,0.0,-1.3090357184410095,0.0,0.0,0.0,-1.0050516575574875,0.0,0.0,0.0,-0.7988464087247849,0.0,-1.3022654689848423,0.0,-0.06807358586229384,0.0,-0.6901421584188938,0.0,-0.29191523790359497
0.0,0.0,0.0,0.0,0.0,0.0,0.0,0.0,0.0,0.0,0.0,0.0,-1.6639918088912964,0.0,0.0,0.0,-0.8063852787017822,0.0,0.0,0.0,-0.4712134599685669,0.0,-1.2624071445316076,0.0,-0.05360207287594676,0.0,-0.6693077739328146,0.0,-0.16501117497682571
0.0,0.0,0.0,0.0,0.0,0.0,0.0,0.0,0.0,0.0,0.0,0.0,-1.8450692296028137,0.0,0.0,0.0,-0.5061198025941849,0.0,0.0,0.0,-0.0643014907836914,0.0,-0.9581402875483036,0.0,-0.02982219448313117,0.0,-0.5062910728156567,0.0,-0.005242601037025452
0.0,0.0,0.0,0.0,0.0,0.0,0.0,0.0,0.0,0.0,0.0,0.0,-1.8194057047367096,0.0,0.0,0.0,-0.14009326696395874,0.0,0.0,0.0,0.3756377846002579,0.0,-0.48349321441492066,0.0,-0.0022928696125745773,0.0,-0.2502619754523039,0.0,0.16577914357185364
0.0,0.0,0.0,0.0,0.0,0.0,0.0,0.0,0.0,0.0,0.0,0.0,-1.5530526638031006,0.0,0.0,0.0,0.2544771879911423,0.0,0.0,0.0,0.7935892790555954,0.0,0.020442670211195946,0.0,0.022219482343643904,0.0,0.0217522494494915,0.0,0.32171085476875305
0.0,0.0,0.0,0.0,0.0,0.0,0.0,0.0,0.0,0.0,0.0,0.0,-1.0648466646671295,0.0,0.0,0.0,0.6299123167991638,0.0,0.0,0.0,1.1294372379779816,0.0,0.4402053411467932,0.0,0.039254617877304554,0.0,0.24582576006650925,0.0,0.4380675032734871
0.0,0.0,0.0,0.0,0.0,0.0,0.0,0.0,0.0,0.0,0.0,0.0,-0.44391006231307983,0.0,0.0,0.0,0.9233694523572922,0.0,0.0,0.0,1.3240087777376175,0.0,0.7247841451317072,0.0,0.04787245998159051,0.0,0.3934308886528015,0.0,0.49633150920271873
0.0,0.0,0.0,0.0,0.0,0.0,0.0,0.0,0.0,0.0,0.0,0.0,0.17204582691192627,0.0,0.0,0.0,1.0719191282987595,0.0,0.0,0.0,1.3379205018281937,0.0,0.8880635257810354,0.0,0.049434363609179854,0.0,0.4743334837257862,0.0,0.4888884723186493
0.0,0.0,0.0,0.0,0.0,0.0,0.0,0.0,0.0,0.0,0.0,0.0,0.6485521793365479,0.0,0.0,0.0,1.0448940098285675,0.0,0.0,0.0,1.1751430109143257,0.0,0.9711278602480888,0.0,0.046396791003644466,0.0,0.5139526911079884,0.0,0.42266594246029854
0.0,0.0,0.0,0.0,0.0,0.0,0.0,0.0,0.0,0.0,0.0,0.0,0.8998379111289978,0.0,0.0,0.0,0.8531536906957626,0.0,0.0,0.0,0.8696122094988823,0.0,0.9948177263140678,0.0,0.0399604527046904,0.0,0.5252084694802761,0.0,0.3112019971013069
0.0,0.0,0.0,0.0,0.0,0.0,0.0,0.0,0.0,0.0,0.0,0.0,0.9115055203437805,0.0,0.0,0.0,0.539574958384037,0.0,0.0,0.0,0.4706975072622299,0.0,0.9456055238842964,0.0,0.029444016399793327,0.0,0.5002584308385849,0.0,0.16999486833810806
0.0,0.0,0.0,0.0,0.0,0.0,0.0,0.0,0.0,0.0,0.0,0.0,0.734478235244751,0.0,0.0,0.0,0.16495082527399063,0.0,0.0,0.0,0.039980560541152954,0.0,0.8000614121556282,0.0,0.014519373507937416,0.0,0.4245886579155922,0.0,0.0178375281393528
0.0,0.0,0.0,0.0,0.0,0.0,0.0,0.0,0.0,0.0,0.0,0.0,0.4560321569442749,0.0,0.0,0.0,-0.20765047520399094,0.0,0.0,0.0,-0.35896673798561096,0.0,0.545070506632328,0.0,-0.0038553582271561027,0.0,0.2898178994655609,0.0,-0.12484481558203697
0.0,0.0,0.0,0.0,0.0,0.0,0.0,0.0,0.0,0.0,0.0,0.0,0.16842931509017944,0.0,0.0,0.0,-0.5247579887509346,0.0,0.0,0.0,-0.6736809387803078,0.0,0.1926179975271225,0.0,-0.023239917209139094,0.0,0.10263286530971527,0.0,-0.2400641329586506
0.0,0.0,0.0,0.0,0.0,0.0,0.0,0.0,0.0,0.0,0.0,0.0,-0.06007179617881775,0.0,0.0,0.0,-0.75332410633564,0.0,0.0,0.0,-0.8781855925917625,0.0,-0.20492002367973328,0.0,-0.040511105908080935,0.0,-0.1078244298696518,0.0,-0.31798845157027245
0.0,0.0,0.0,0.0,0.0,0.0,0.0,0.0,0.0,0.0,0.0,0.0,-0.2068348228931427,0.0,0.0,0.0,-0.875115767121315,0.0,0.0,0.0,-0.9656067937612534,0.0,-0.5603402853012085,0.0,-0.05245089123491198,0.0,-0.2948349341750145,0.0,-0.3545500338077545
0.0,0.0,0.0,0.0,0.0,0.0,0.0,0.0,0.0,0.0,0.0,0.0,-0.28083547949790955,0.0,0.0,0.0,-0.8839521557092667,0.0,0.0,0.0,-0.9398579597473145,0.0,-0.7948163896799088,0.0,-0.05707857781089842,0.0,-0.4175584763288498,0.0,-0.3494163975119591
0.0,0.0,0.0,0.0,0.0,0.0,0.0,0.0,0.0,0.0,0.0,0.0,-0.2935044467449188,0.0,0.0,0.0,-0.7897414267063141,0.0,0.0,0.0,-0.8180156350135803,0.0,-0.8724050596356392,0.0,-0.05396784981712699,0.0,-0.45816125348210335,0.0,-0.3076918423175812
0.0,0.0,0.0,0.0,0.0,0.0,0.0,0.0,0.0,0.0,0.0,0.0,-0.25517046451568604,0.0,0.0,0.0,-0.6125360727310181,0.0,0.0,0.0,-0.6228286772966385,0.0,-0.7955090142786503,0.0,-0.043926865328103304,0.0,-0.4182925447821617,0.0,-0.23710113018751144
0.0,0.0,0.0,0.0,0.0,0.0,0.0,0.0,0.0,0.0,0.0,0.0,-0.17056018114089966,0.0,0.0,0.0,-0.3788277506828308,0.0,0.0,0.0,-0.3788311034440994,0.0,-0.6051462143659592,0.0,-0.02939850091934204,0.0,-0.3190109506249428,0.0,-0.14717485755681992
0.0,0.0,0.0,0.0,0.0,0.0,0.0,0.0,0.0,0.0,0.0,0.0,-0.040084123611450195,0.0,0.0,0.0,-0.11902190744876862,0.0,0.0,0.0,-0.11352486908435822,0.0,-0.3643510863184929,0.0,-0.013542990200221539,0.0,-0.192948617041111,0.0,-0.049477070569992065
0.0,0.0,0.0,0.0,0.0,0.0,0.0,0.0,0.0,0.0,0.0,0.0,0.12242943048477173,0.0,0.0,0.0,0.13226643204689026,0.0,0.0,0.0,0.13961493968963623,0.0,-0.12566223740577698,0.0,0.0008255941793322563,0.0,-0.0677640549838543,0.0,0.04281681030988693
0.0,0.0,0.0,0.0,0.0,0.0,0.0,0.0,0.0,0.0,0.0,0.0,0.2819545567035675,0.0,0.0,0.0,0.34042857587337494,0.0,0.0,0.0,0.34762024879455566,0.0,0.08519235998392105,0.0,0.012180290650576353,0.0,0.04293899983167648,0.0,0.11820252984762192
0.0,0.0,0.0,0.0,0.0,0.0,0.0,0.0,0.0,0.0,0.0,0.0,0.3923758864402771,0.0,0.0,0.0,0.48029348254203796,0.0,0.0,0.0,0.48903338611125946,0.0,0.26308130472898483,0.0,0.02035187790170312,0.0,0.1367412507534027,0.0,0.1702805981040001
0.0,0.0,0.0,0.0,0.0,0.0,0.0,0.0,0.0,0.0,0.0,0.0,0.4179537296295166,0.0,0.0,0.0,0.5420684814453125,0.0,0.0,0.0,0.5577877163887024,0.0,0.4045388661324978,0.0,0.025673513300716877,0.0,0.21212724968791008,0.0,0.19784793257713318
0.0,0.0,0.0,0.0,0.0,0.0,0.0,0.0,0.0,0.0,0.0,0.0,0.34827813506126404,0.0,0.0,0.0,0.5269411951303482,0.0,0.0,0.0,0.5549576133489609,0.0,0.5126424133777618,0.0,0.028442731127142906,0.0,0.27074432000517845,0.0,0.2015765756368637
0.0,0.0,0.0,0.0,0.0,0.0,0.0,0.0,0.0,0.0,0.0,0.0,0.19601434469223022,0.0,0.0,0.0,0.4445575177669525,0.0,0.0,0.0,0.4866085946559906,0.0,0.583847239613533,0.0,0.02863785484805703,0.0,0.31020911410450935,0.0,0.18291575834155083
0.0,0.0,0.0,0.0,0.0,0.0,0.0,0.0,0.0,0.0,0.0,0.0,-0.010307133197784424,0.0,0.0,0.0,0.31465981155633926,0.0,0.0,0.0,0.36912187933921814,0.0,0.5991360172629356,0.0,0.026006472762674093,0.0,0.3195018507540226,0.0,0.14616930857300758
0.0,0.0,0.0,0.0,0.0,0.0,0.0,0.0,0.0,0.0,0.0,0.0,-0.23051053285598755,0.0,0.0,0.0,0.16283374279737473,0.0,0.0,0.0,0.22648945450782776,0.0,0.547463446855545,0.0,0.02064686850644648,0.0,0.2920517697930336,0.0,0.0985397957265377
0.0,0.0,0.0,0.0,0.0,0.0,0.0,0.0,0.0,0.0,0.0,0.0,-0.4225410521030426,0.0,0.0,0.0,0.014499761164188385,0.0,0.0,0.0,0.08409954607486725,0.0,0.4334481433033943,0.0,0.013276311801746488,0.0,0.23035425692796707,0.0,0.048414431512355804
0.0,0.0,0.0,0.0,0.0,0.0,0.0,0.0,0.0,0.0,0.0,0.0,-0.5536362528800964,0.0,0.0,0.0,-0.10947976261377335,0.0,0.0,0.0,-0.036777183413505554,0.0,0.276833213865757,0.0,0.005149998469278216,0.0,0.14563724398612976,0.0,0.0035055913031101227
0.0,0.0,0.0,0.0,0.0,0.0,0.0,0.0,0.0,0.0,0.0,0.0,-0.609886646270752,0.0,0.0,0.0,-0.19619017839431763,0.0,0.0,0.0,-0.12322552502155304,0.0,0.10936670005321503,0.0,-0.002263503847643733,0.0,0.055661238729953766,0.0,-0.030765775591135025
0.0,0.0,0.0,0.0,0.0,0.0,0.0,0.0,0.0,0.0,0.0,0.0,-0.5937017500400543,0.0,0.0,0.0,-0.2401292324066162,0.0,0.0,0.0,-0.17040520906448364,0.0,-0.03760140389204025,0.0,-0.007757206913083792,0.0,-0.02247896045446396,0.0,-0.05167657509446144
0.0,0.0,0.0,0.0,0.0,0.0,0.0,0.0,0.0,0.0,0.0,0.0,-0.5130693316459656,0.0,0.0,0.0,-0.24630054831504822,0.0,0.0,0.0,-0.18582753837108612,0.0,-0.1419471576809883,0.0,-0.01094467006623745,0.0,-0.07716622203588486,0.0,-0.06119897589087486
0.0,0.0,0.0,0.0,0.0,0.0,0.0,0.0,0.0,0.0,0.0,0.0,-0.3768995404243469,0.0,0.0,0.0,-0.22381991147994995,0.0,0.0,0.0,-0.18043331801891327,0.0,-0.19926372915506363,0.0,-0.012117065489292145,0.0,-0.10642874985933304,0.0,-0.06301356479525566
0.0,0.0,0.0,0.0,0.0,0.0,0.0,0.0,0.0,0.0,0.0,0.0,-0.19705146551132202,0.0,0.0,0.0,-0.17741210758686066,0.0,0.0,0.0,-0.15734843909740448,0.0,-0.2254791557788849,0.0,-0.011776469182223082,0.0,-0.1190008595585823,0.0,-0.0584467314183712
0.0,0.0,0.0,0.0,0.0,0.0,0.0,0.0,0.0,0.0,0.0,0.0,0.004470348358154297,0.0,0.0,0.0,-0.11438131332397461,0.0,0.0,0.0,-0.12121237814426422,0.0,-0.2282286062836647,0.0,-0.010332779493182898,0.0,-0.11926274746656418,0.0,-0.04902016371488571
0.0,0.0,0.0,0.0,0.0,0.0,0.0,0.0,0.0,0.0,0.0,0.0,0.2003878355026245,0.0,0.0,0.0,-0.046100467443466187,0.0,0.0,0.0,-0.08051283657550812,0.0,-0.20736847072839737,0.0,-0.008191145025193691,0.0,-0.10749306529760361,0.0,-0.037366244941949844
0.0,0.0,0.0,0.0,0.0,0.0,0.0,0.0,0.0,0.0,0.0,0.0,0.36608874797821045,0.0,0.0,0.0,0.015560910105705261,0.0,0.0,0.0,-0.04353150725364685,0.0,-0.1713847741484642,0.0,-0.005917367525398731,0.0,-0.0882929190993309,0.0,-0.026250630617141724
0.0,0.0,0.0,0.0,0.0,0.0,0.0,0.0,0.0,0.0,0.0,0.0,0.4795551300048828,0.0,0.0,0.0,0.06043948233127594,0.0,0.0,0.0,-0.016758963465690613,0.0,-0.12836474925279617,0.0,-0.003938877489417791,0.0,-0.06583165377378464,0.0,-0.01775939017534256
0.0,0.0,0.0,0.0,0.0,0.0,0.0,0.0,0.0,0.0,0.0,0.0,0.5296401679515839,0.0,0.0,0.0,0.08301883935928345,0.0,0.0,0.0,-0.0035081058740615845,0.0,-0.08619632571935654,0.0,-0.0025147339329123497,0.0,-0.04402920603752136,0.0,-0.013001728802919388
0.0,0.0,0.0,0.0,0.0,0.0,0.0,0.0,0.0,0.0,0.0,0.0,0.5163565278053284,0.0,0.0,0.0,0.08278489112854004,0.0,0.0,0.0,-0.0037878751754760742,0.0,-0.05001053214073181,0.0,-0.0017119338735938072,0.0,-0.025378912687301636,0.0,-0.01204516738653183
0.0,0.0,0.0,0.0,0.0,0.0,0.0,0.0,0.0,0.0,0.0,0.0,0.44495314359664917,0.0,0.0,0.0,0.06499253213405609,0.0,0.0,0.0,-0.012209266424179077,0.0,-0.023803673684597015,0.0,-0.0013888697139918804,0.0,-0.0119013711810112,0.0,-0.013131927698850632
0.0,0.0,0.0,0.0,0.0,0.0,0.0,0.0,0.0,0.0,0.0,0.0,0.3265701234340668,0.0,0.0,0.0,0.03734752535820007,0.0,0.0,0.0,-0.02186521887779236,0.0,-0.01156143844127655,0.0,-0.0013784505426883698,0.0,-0.005687028169631958,0.0,-0.014108605682849884
0.0,0.0,0.0,0.0,0.0,0.0,0.0,0.0,0.0,0.0,0.0,0.0,0.17766058444976807,0.0,0.0,0.0,0.005649402737617493,0.0,0.0,0.0,-0.02941899001598358,0.0,-0.01023951917886734,0.0,-0.001507112756371498,0.0,-0.005171261727809906,0.0,-0.014019571244716644
0.0,0.0,0.0,0.0,0.0,0.0,0.0,0.0,0.0,0.0,0.0,0.0,0.01866072416305542,0.0,0.0,0.0,-0.024219229817390442,0.0,0.0,0.0,-0.03235861659049988,0.0,-0.013096071779727936,0.0,-0.001546845305711031,0.0,-0.006840378046035767,0.0,-0.012176856398582458
0.0,0.0,0.0,0.0,0.0,0.0,0.0,0.0,0.0,0.0,0.0,0.0,-0.12804865837097168,0.0,0.0,0.0,-0.04681535065174103,0.0,0.0,0.0,-0.028951838612556458,0.0,-0.01660473644733429,0.0,-0.001371302641928196,0.0,-0.008843094110488892,0.0,-0.008295103907585144
0.0,0.0,0.0,0.0,0.0,0.0,0.0,0.0,0.0,0.0,0.0,0.0,-0.24278387427330017,0.0,0.0,0.0,-0.057773664593696594,0.0,0.0,0.0,-0.0180806964635849,0.0,-0.019783340394496918,0.0,-0.0009328359737992287,0.0,-0.010653957724571228,0.0,-0.0023317523300647736
0.0,0.0,0.0,0.0,0.0,0.0,0.0,0.0,0.0,0.0,0.0,0.0,-0.3139398992061615,0.0,0.0,0.0,-0.054685771465301514,0.0,0.0,0.0,0.0005804002285003662,0.0,-0.019670650362968445,0.0,-0.00015997793525457382,0.0,-0.010699592530727386,0.0,0.005671381950378418
0.0,0.0,0.0,0.0,0.0,0.0,0.0,0.0,0.0,0.0,0.0,0.0,-0.3431066870689392,0.0,0.0,0.0,-0.040178000926971436,0.0,0.0,0.0,0.02392791211605072,0.0,-0.012137554585933685,0.0,0.0009277835488319397,0.0,-0.0067906454205513,0.0,0.014736410230398178
0.0,0.0,0.0,0.0,0.0,0.0,0.0,0.0,0.0,0.0,0.0,0.0,-0.336591899394989,0.0,0.0,0.0,-0.01927204430103302,0.0,0.0,0.0,0.047063082456588745,0.0,0.003408081829547882,0.0,0.0021640677005052567,0.0,0.0013904646039009094,0.0,0.023249350488185883
0.0,0.0,0.0,0.0,0.0,0.0,0.0,0.0,0.0,0.0,0.0,0.0,-0.29720067977905273,0.0,0.0,0.0,0.005057081580162048,0.0,0.0,0.0,0.06707236170768738,0.0,0.023909099400043488,0.0,0.003368733450770378,0.0,0.012229010462760925,0.0,0.030143745243549347
0.0,0.0,0.0,0.0,0.0,0.0,0.0,0.0,0.0,0.0,0.0,0.0,-0.2298988401889801,0.0,0.0,0.0,0.030760467052459717,0.0,0.0,0.0,0.08276216685771942,0.0,0.045552849769592285,0.0,0.004410534165799618,0.0,0.02370458096265793,0.0,0.03498988226056099
0.0,0.0,0.0,0.0,0.0,0.0,0.0,0.0,0.0,0.0,0.0,0.0,-0.1433849334716797,0.0,0.0,0.0,0.05498528480529785,0.0,0.0,0.0,0.09276047348976135,0.0,0.06453394889831543,0.0,0.00515524297952652,0.0,0.033798255026340485,0.0,0.037370715290308
0.0,0.0,0.0,0.0,0.0,0.0,0.0,0.0,0.0,0.0,0.0,0.0,-0.048629939556121826,0.0,0.0,0.0,0.07422603666782379,0.0,0.0,0.0,0.09535439312458038,0.0,0.07748473435640335,0.0,0.005469075404107571,0.0,0.04072356969118118,0.0,0.03680642694234848
0.0,0.0,0.0,0.0,0.0,0.0,0.0,0.0,0.0,0.0,0.0,0.0,0.04241839051246643,0.0,0.0,0.0,0.08487924933433533,0.0,0.0,0.0,0.08883066475391388,0.0,0.08319281041622162,0.0,0.005269946996122599,0.0,0.04383400082588196,0.0,0.032892730087041855
0.0,0.0,0.0,0.0,0.0,0.0,0.0,0.0,0.0,0.0,0.0,0.0,0.11810585856437683,0.0,0.0,0.0,0.08468851447105408,0.0,0.0,0.0,0.07293634116649628,0.0,0.08331183344125748,0.0,0.004597147926688194,0.0,0.04399716854095459,0.0,0.025812257081270218
0.0,0.0,0.0,0.0,0.0,0.0,0.0,0.0,0.0,0.0,0.0,0.0,0.17001107335090637,0.0,0.0,0.0,0.07410906255245209,0.0,0.0,0.0,0.04998035728931427,0.0,0.07836427539587021,0.0,0.003558932803571224,0.0,0.041479989886283875,0.0,0.01656077802181244
0.0,0.0,0.0,0.0,0.0,0.0,0.0,0.0,0.0,0.0,0.0,0.0,0.19768476486206055,0.0,0.0,0.0,0.05608126521110535,0.0,0.0,0.0,0.02359449863433838,0.0,0.06546545773744583,0.0,0.0022301916033029556,0.0,0.03475639969110489,0.0,0.0063565559685230255
0.0,0.0,0.0,0.0,0.0,0.0,0.0,0.0,0.0,0.0,0.0,0.0,0.20548850297927856,0.0,0.0,0.0,0.0337209552526474,0.0,0.0,0.0,-0.0034850090742111206,0.0,0.04401747137308121,0.0,0.0006951391696929932,0.0,0.023512542247772217,0.0,-0.003937631845474243
0.0,0.0,0.0,0.0,0.0,0.0,0.0,0.0,0.0,0.0,0.0,0.0,0.1943722367286682,0.0,0.0,0.0,0.008750706911087036,0.0,0.0,0.0,-0.02963319420814514,0.0,0.017931684851646423,0.0,-0.0009012874215841293,0.0,0.009801797568798065,0.0,-0.013673026114702225
0.0,0.0,0.0,0.0,0.0,0.0,0.0,0.0,0.0,0.0,0.0,0.0,0.16478747129440308,0.0,0.0,0.0,-0.016715005040168762,0.0,0.0,0.0,-0.05262121558189392,0.0,-0.009362585842609406,0.0,-0.002395233605057001,0.0,-0.004582852125167847,0.0,-0.021981261670589447
0.0,0.0,0.0,0.0,0.0,0.0,0.0,0.0,0.0,0.0,0.0,0.0,0.12098178267478943,0.0,0.0,0.0,-0.040205568075180054,0.0,0.0,0.0,-0.07048361003398895,0.0,-0.03545265644788742,0.0,-0.003654498141258955,0.0,-0.018374808132648468,0.0,-0.028180982917547226
0.0,0.0,0.0,0.0,0.0,0.0,0.0,0.0,0.0,0.0,0.0,0.0,0.06917119026184082,0.0,0.0,0.0,-0.05958639085292816,0.0,0.0,0.0,-0.08206069469451904,0.0,-0.05751214921474457,0.0,-0.004570954479277134,0.0,-0.030076131224632263,0.0,-0.031902361661195755
0.0,0.0,0.0,0.0,0.0,0.0,0.0,0.0,0.0,0.0,0.0,0.0,0.016012042760849,0.0,0.0,0.0,-0.07307156920433044,0.0,0.0,0.0,-0.08668750524520874,0.0,-0.07314961403608322,0.0,-0.005068548489362001,0.0,-0.03841165453195572,0.0,-0.032967980951070786
0.0,0.0,0.0,0.0,0.0,0.0,0.0,0.0,0.0,0.0,0.0,0.0,-0.03231018781661987,0.0,0.0,0.0,-0.08004605770111084,0.0,0.0,0.0,-0.08488669991493225,0.0,-0.08174534887075424,0.0,-0.005157943814992905,0.0,-0.04303939640522003,0.0,-0.03165854141116142
0.0,0.0,0.0,0.0,0.0,0.0,0.0,0.0,0.0,0.0,0.0,0.0,-0.0700637698173523,0.0,0.0,0.0,-0.08013062179088593,0.0,0.0,0.0,-0.07720105350017548,0.0,-0.08517540991306305,0.0,-0.004906824324280024,0.0,-0.044933147728443146,0.0,-0.028316397219896317
0.0,0.0,0.0,0.0,0.0,0.0,0.0,0.0,0.0,0.0,0.0,0.0,-0.09311288595199585,0.0,0.0,0.0,-0.07315538823604584,0.0,0.0,0.0,-0.06414540112018585,0.0,-0.08492246270179749,0.0,-0.00437367707490921,0.0,-0.04486441612243652,0.0,-0.02323715016245842
0.0,0.0,0.0,0.0,0.0,0.0,0.0,0.0,0.0,0.0,0.0,0.0,-0.10262802243232727,0.0,0.0,0.0,-0.06063506007194519,0.0,0.0,0.0,-0.047395750880241394,0.0,-0.08004307746887207,0.0,-0.003601133357733488,0.0,-0.042333826422691345,0.0,-0.016973726451396942
0.0,0.0,0.0,0.0,0.0,0.0,0.0,0.0,0.0,0.0,0.0,0.0,-0.10379254817962646,0.0,0.0,0.0,-0.04476606845855713,0.0,0.0,0.0,-0.028676912188529968,0.0,-0.06879270076751709,0.0,-0.002612033858895302,0.0,-0.036425888538360596,0.0,-0.010001566261053085
0.0,0.0,0.0,0.0,0.0,0.0,0.0,0.0,0.0,0.0,0.0,0.0,-0.09817183017730713,0.0,0.0,0.0,-0.027028843760490417,0.0,0.0,0.0,-0.009397417306900024,0.0,-0.05200095474720001,0.0,-0.0014829100109636784,0.0,-0.02757962793111801,0.0,-0.002816971391439438
0.0,0.0,0.0,0.0,0.0,0.0,0.0,0.0,0.0,0.0,0.0,0.0,-0.08436515927314758,0.0,0.0,0.0,-0.00884421169757843,0.0,0.0,0.0,0.00859387218952179,0.0,-0.032418034970760345,0.0,-0.00035209814086556435,0.0,-0.017243623733520508,0.0,0.003823358565568924
0.0,0.0,0.0,0.0,0.0,0.0,0.0,0.0,0.0,0.0,0.0,0.0,-0.06298944354057312,0.0,0.0,0.0,0.007949024438858032,0.0,0.0,0.0,0.023300573229789734,0.0,-0.012017600238323212,0.0,0.000659748911857605,0.0,-0.006461143493652344,0.0,0.009170081466436386
0.0,0.0,0.0,0.0,0.0,0.0,0.0,0.0,0.0,0.0,0.0,0.0,-0.03650635480880737,0.0,0.0,0.0,0.021751224994659424,0.0,0.0,0.0,0.0334080308675766,0.0,0.007133558392524719,0.0,0.001460174098610878,0.0,0.0036720186471939087,0.0,0.012749619781970978
0.0,0.0,0.0,0.0,0.0,0.0,0.0,0.0,0.0,0.0,0.0,0.0,-0.008323043584823608,0.0,0.0,0.0,0.03170892596244812,0.0,0.0,0.0,0.03871135413646698,0.0,0.022702105343341827,0.0,0.0019941828213632107,0.0,0.01191757619380951,0.0,0.014495477080345154
0.0,0.0,0.0,0.0,0.0,0.0,0.0,0.0,0.0,0.0,0.0,0.0,0.018124282360076904,0.0,0.0,0.0,0.03788471221923828,0.0,0.0,0.0,0.040096789598464966,0.0,0.03273766487836838,0.0,0.0022544176317751408,0.0,0.017240457236766815,0.0,0.014739856123924255
0.0,0.0,0.0,0.0,0.0,0.0,0.0,0.0,0.0,0.0,0.0,0.0,0.03925636410713196,0.0,0.0,0.0,0.04113875329494476,0.0,0.0,0.0,0.03931894898414612,0.0,0.037915073335170746,0.0,0.002325430978089571,0.0,0.019993074238300323,0.0,0.014192424714565277
0.0,0.0,0.0,0.0,0.0,0.0,0.0,0.0,0.0,0.0,0.0,0.0,0.05184486508369446,0.0,0.0,0.0,0.042297691106796265,0.0,0.0,0.0,0.03793835639953613,0.0,0.04062298685312271,0.0,0.0023242435418069363,0.0,0.02143513411283493,0.0,0.01353072002530098
0.0,0.0,0.0,0.0,0.0,0.0,0.0,0.0,0.0,0.0,0.0,0.0,0.05635768175125122,0.0,0.0,0.0,0.041976198554039,0.0,0.0,0.0,0.03654658794403076,0.0,0.041883811354637146,0.0,0.0022965832613408566,0.0,0.022107362747192383,0.0,0.012982450425624847
0.0,0.0,0.0,0.0,0.0,0.0,0.0,0.0,0.0,0.0,0.0,0.0,0.056871771812438965,0.0,0.0,0.0,0.0408615916967392,0.0,0.0,0.0,0.035102665424346924,0.0,0.04191715270280838,0.0,0.00224248506128788,0.0,0.022128596901893616,0.0,0.012460816651582718
0.0,0.0,0.0,0.0,0.0,0.0,0.0,0.0,0.0,0.0,0.0,0.0,0.05626305937767029,0.0,0.0,0.0,0.03929398953914642,0.0,0.0,0.0,0.03339648246765137,0.0,0.04101395606994629,0.0,0.0021581421606242657,0.0,0.02165473997592926,0.0,0.01184362918138504
0.0,0.0,0.0,0.0,0.0,0.0,0.0,0.0,0.0,0.0,0.0,0.0,0.054492801427841187,0.0,0.0,0.0,0.03700852394104004,0.0,0.0,0.0,0.03110542893409729,0.0,0.03939978778362274,0.0,0.0020366045646369457,0.0,0.02080574631690979,0.0,0.011023040860891342
0.0,0.0,0.0,0.0,0.0,0.0,0.0,0.0,0.0,0.0,0.0,0.0,0.05018189549446106,0.0,0.0,0.0,0.03316029906272888,0.0,0.0,0.0,0.02749897539615631,0.0,0.03717392683029175,0.0,0.0018538208678364754,0.0,0.019634515047073364,0.0,0.009767431765794754
0.0,0.0,0.0,0.0,0.0,0.0,0.0,0.0,0.0,0.0,0.0,0.0,0.047184526920318604,0.0,0.0,0.0,0.030709058046340942,0.0,0.0,0.0,0.02524629235267639,0.0,0.03591068089008331,0.0,0.0017428072169423103,0.0,0.018969550728797913,0.0,0.008991733193397522
