joint_0,joint_1,joint_2,joint_3,joint_4,joint_5,joint_6,joint_7,joint_8,joint_9,joint_10,joint_11,joint_12,joint_13,joint_14,joint_15,joint_16,joint_17,joint_18,joint_19,joint_20,joint_21,joint_22,joint_23,joint_24,joint_25,joint_26,joint_27,joint_28
0.0,0.0,0.0,0.0,0.0,0.0,0.0,0.0,0.0,0.0,0.0,-0.16410107910633087,0.0,0.0,0.0,0.03638220205903053,0.0,0.0,0.0,0.05873358994722366,0.0,0.05232464149594307,0.0,6.367005630216135e-19,0.0,0.03422349691390991,0.0,0.021671628579497337,0.0
0.0,0.0,0.0,0.0,0.0,0.0,0.0,0.0,0.0,0.0,0.0,-0.3219998776912689,0.0,0.0,0.0,0.07259632647037506,0.0,0.0,0.0,0.11145924776792526,0.0,0.09943272918462753,0.0,0.00022071432613302022,0.0,0.06429291516542435,0.0,0.04070236161351204,0.0
0.0,0.0,0.0,0.0,0.0,0.0,0.0,0.0,0.0,0.0,0.0,-0.4654410779476166,0.0,0.0,0.0,0.10678239166736603,0.0,0.0,0.0,0.15163996815681458,0.0,0.13883329927921295,0.0,0.0006693073082715273,0.0,0.08797402679920197,0.0,0.054477620869874954,0.0
0.0,0.0,0.0,0.0,0.0,0.0,0.0,0.0,0.0,0.0,0.0,-0.5877593755722046,0.0,0.0,0.0,0.1354037970304489,0.0,0.0,0.0,0.1767384260892868,0.0,0.1720290184020996,0.0,0.0010364970657974482,0.0,0.10626287013292313,0.0,0.062185484915971756,0.0
0.0,0.0,0.0,0.0,0.0,0.0,0.0,0.0,0.0,0.0,0.0,-0.6837745308876038,0.0,0.0,0.0,0.15488621592521667,0.0,0.0,0.0,0.18762937188148499,0.0,0.2005213052034378,0.0,0.0010062260553240776,0.0,0.120677150785923,0.0,0.06444200873374939,0.0
0.0,0.0,0.0,0.0,0.0,0.0,0.0,0.0,0.0,0.0,0.0,-0.7489944100379944,0.0,0.0,0.0,0.1629156470298767,0.0,0.0,0.0,0.18704582750797272,0.0,0.22329843044281006,0.0,0.0004839501634705812,0.0,0.1315482258796692,0.0,0.06266135722398758,0.0
0.0,0.0,0.0,0.0,0.0,0.0,0.0,0.0,0.0,0.0,0.0,-0.7799334526062012,0.0,0.0,0.0,0.15916456282138824,0.0,0.0,0.0,0.1785283237695694,0.0,0.23697715997695923,0.0,-0.00036686219391413033,0.0,0.1379437893629074,0.0,0.058601975440979004,0.0
0.0,0.0,0.0,0.0,0.0,0.0,0.0,0.0,0.0,0.0,0.0,-0.7756515741348267,0.0,0.0,0.0,0.14558929204940796,0.0,0.0,0.0,0.165860116481781,0.0,0.2380468249320984,0.0,-0.001239438191987574,0.0,0.13866426050662994,0.0,0.05398111790418625,0.0
0.0,0.0,0.0,0.0,0.0,0.0,0.0,0.0,0.0,0.0,0.0,-0.7393583655357361,0.0,0.0,0.0,0.1260603964328766,0.0,0.0,0.0,0.15262842178344727,0.0,0.22515186667442322,0.0,-0.0018336764769628644,0.0,0.13319343328475952,0.0,0.05016791820526123,0.0
0.0,0.0,0.0,0.0,0.0,0.0,0.0,0.0,0.0,0.0,0.0,-0.6791517734527588,0.0,0.0,0.0,0.10535036027431488,0.0,0.0,0.0,0.1418747752904892,0.0,0.2005404382944107,0.0,-0.001983070280402899,0.0,0.12240265309810638,0.0,0.04801686853170395,0.0
0.0,0.0,0.0,0.0,0.0,0.0,0.0,0.0,0.0,0.0,0.0,-0.6066241264343262,0.0,0.0,0.0,0.08824244141578674,0.0,0.0,0.0,0.13609720766544342,0.0,0.16936278343200684,0.0,-0.0016461116028949618,0.0,0.10832269489765167,0.0,0.047998931258916855,0.0
0.0,0.0,0.0,0.0,0.0,0.0,0.0,0.0,0.0,0.0,0.0,-0.5341030359268188,0.0,0.0,0.0,0.07844586670398712,0.0,0.0,0.0,0.1371985673904419,0.0,0.1366877257823944,0.0,-0.0008551845094189048,0.0,0.09302473068237305,0.0,0.050415243953466415,0.0
0.0,0.0,0.0,0.0,0.0,0.0,0.0,0.0,0.0,0.0,0.0,-0.47202783823013306,0.0,0.0,0.0,0.078079953789711,0.0,0.0,0.0,0.1463409811258316,0.0,0.1051071509718895,0.0,0.0003327779413666576,0.0,0.07762113213539124,0.0,0.055456582456827164,0.0
0.0,0.0,0.0,0.0,0.0,0.0,0.0,0.0,0.0,0.0,0.0,-0.4269663691520691,0.0,0.0,0.0,0.08742603659629822,0.0,0.0,0.0,0.16352710127830505,0.0,0.07379516959190369,0.0,0.0018464347813278437,0.0,0.06174454838037491,0.0,0.06303855031728745,0.0
0.0,0.0,0.0,0.0,0.0,0.0,0.0,0.0,0.0,0.0,0.0,-0.4010583460330963,0.0,0.0,0.0,0.10486554354429245,0.0,0.0,0.0,0.18708257377147675,0.0,0.039920419454574585,0.0,0.0036116482224315405,0.0,0.04409318417310715,0.0,0.07262402772903442,0.0
0.0,0.0,0.0,0.0,0.0,0.0,0.0,0.0,0.0,0.0,0.0,-0.39303919672966003,0.0,0.0,0.0,0.1275622844696045,0.0,0.0,0.0,0.214021235704422,0.0,0.0014669183874502778,0.0,0.005528226960450411,0.0,0.023764079436659813,0.0,0.08322098106145859,0.0
0.0,0.0,0.0,0.0,0.0,0.0,0.0,0.0,0.0,0.0,0.0,-0.40039941668510437,0.0,0.0,0.0,0.15196292102336884,0.0,0.0,0.0,0.24042589962482452,0.0,-0.04029994457960129,0.0,0.007428678218275309,0.0,0.0015328199369832873,0.0,0.09342831373214722,0.0
0.0,0.0,0.0,0.0,0.0,0.0,0.0,0.0,0.0,0.0,0.0,-0.4207312762737274,0.0,0.0,0.0,0.17468410730361938,0.0,0.0,0.0,0.26221439242362976,0.0,-0.08064397424459457,0.0,0.009094953536987305,0.0,-0.019968876615166664,0.0,0.10168785601854324,0.0
0.0,0.0,0.0,0.0,0.0,0.0,0.0,0.0,0.0,0.0,0.0,-0.45124825835227966,0.0,0.0,0.0,0.19301268458366394,0.0,0.0,0.0,0.275813490152359,0.0,-0.1136709675192833,0.0,0.010329305194318295,0.0,-0.03743268921971321,0.0,0.10658353567123413,0.0
0.0,0.0,0.0,0.0,0.0,0.0,0.0,0.0,0.0,0.0,0.0,-0.4880521595478058,0.0,0.0,0.0,0.20480754971504211,0.0,0.0,0.0,0.27833133935928345,0.0,-0.13486772775650024,0.0,0.011038864962756634,0.0,-0.04828127846121788,0.0,0.10702411085367203,0.0
0.0,0.0,0.0,0.0,0.0,0.0,0.0,0.0,0.0,0.0,0.0,-0.5258468985557556,0.0,0.0,0.0,0.20847637951374054,0.0,0.0,0.0,0.26805830001831055,0.0,-0.1427835077047348,0.0,0.011297834105789661,0.0,-0.05170654132962227,0.0,0.10251794010400772,0.0
0.0,0.0,0.0,0.0,0.0,0.0,0.0,0.0,0.0,0.0,0.0,-0.5587205290794373,0.0,0.0,0.0,0.20322285592556,0.0,0.0,0.0,0.24523517489433289,0.0,-0.13874290883541107,0.0,0.011294026859104633,0.0,-0.04858149588108063,0.0,0.09340766817331314,0.0
0.0,0.0,0.0,0.0,0.0,0.0,0.0,0.0,0.0,0.0,0.0,-0.5818771123886108,0.0,0.0,0.0,0.18954512476921082,0.0,0.0,0.0,0.21240895986557007,0.0,-0.12546473741531372,0.0,0.011193537153303623,0.0,-0.040615011006593704,0.0,0.08084431290626526,0.0
0.0,0.0,0.0,0.0,0.0,0.0,0.0,0.0,0.0,0.0,0.0,-0.5930265784263611,0.0,0.0,0.0,0.16945984959602356,0.0,0.0,0.0,0.17396916449069977,0.0,-0.10584912449121475,0.0,0.011064328253269196,0.0,-0.02954454906284809,0.0,0.06653662770986557,0.0
0.0,0.0,0.0,0.0,0.0,0.0,0.0,0.0,0.0,0.0,0.0,-0.5930339694023132,0.0,0.0,0.0,0.14643332362174988,0.0,0.0,0.0,0.1354060024023056,0.0,-0.08195993304252625,0.0,0.010883787646889687,0.0,-0.016470815986394882,0.0,0.05241696164011955,0.0
0.0,0.0,0.0,0.0,0.0,0.0,0.0,0.0,0.0,0.0,0.0,-0.5852349996566772,0.0,0.0,0.0,0.12452623248100281,0.0,0.0,0.0,0.1019703820347786,0.0,-0.05510440096259117,0.0,0.010571041144430637,0.0,-0.0019557876512408257,0.0,0.040239136666059494,0.0
0.0,0.0,0.0,0.0,0.0,0.0,0.0,0.0,0.0,0.0,0.0,-0.5739912986755371,0.0,0.0,0.0,0.1072470098733902,0.0,0.0,0.0,0.07770076394081116,0.0,-0.02677399292588234,0.0,0.010119791142642498,0.0,0.013357242569327354,0.0,0.0313422717154026,0.0
0.0,0.0,0.0,0.0,0.0,0.0,0.0,0.0,0.0,0.0,0.0,-0.5633001327514648,0.0,0.0,0.0,0.0969872996211052,0.0,0.0,0.0,0.06498197466135025,0.0,0.0009060825686901808,0.0,0.009614688344299793,0.0,0.02840997278690338,0.0,0.026536056771874428,0.0
0.0,0.0,0.0,0.0,0.0,0.0,0.0,0.0,0.0,0.0,0.0,-0.5555393695831299,0.0,0.0,0.0,0.09474886208772659,0.0,0.0,0.0,0.06428030133247375,0.0,0.025285134091973305,0.0,0.00920465961098671,0.0,0.04175961762666702,0.0,0.026002459228038788,0.0
0.0,0.0,0.0,0.0,0.0,0.0,0.0,0.0,0.0,0.0,0.0,-0.5513689517974854,0.0,0.0,0.0,0.10030572861433029,0.0,0.0,0.0,0.07435225695371628,0.0,0.043768301606178284,0.0,0.009038248099386692,0.0,0.05194783955812454,0.0,0.029336940497159958,0.0
0.0,0.0,0.0,0.0,0.0,0.0,0.0,0.0,0.0,0.0,0.0,-0.5500272512435913,0.0,0.0,0.0,0.11243516206741333,0.0,0.0,0.0,0.09270767867565155,0.0,0.05450793728232384,0.0,0.009204825386404991,0.0,0.057934340089559555,0.0,0.035691842436790466,0.0
0.0,0.0,0.0,0.0,0.0,0.0,0.0,0.0,0.0,0.0,0.0,-0.550056517124176,0.0,0.0,0.0,0.12925207614898682,0.0,0.0,0.0,0.11629363149404526,0.0,0.05710793286561966,0.0,0.009709207341074944,0.0,0.05950630083680153,0.0,0.04401183873414993,0.0
0.0,0.0,0.0,0.0,0.0,0.0,0.0,0.0,0.0,0.0,0.0,-0.550137460231781,0.0,0.0,0.0,0.1485593169927597,0.0,0.0,0.0,0.14214013516902924,0.0,0.05296453833580017,0.0,0.010471353307366371,0.0,0.057440876960754395,0.0,0.0532449409365654,0.0
0.0,0.0,0.0,0.0,0.0,0.0,0.0,0.0,0.0,0.0,0.0,-0.5495503544807434,0.0,0.0,0.0,0.16799324750900269,0.0,0.0,0.0,0.16746991872787476,0.0,0.04482559859752655,0.0,0.011354826390743256,0.0,0.05322753265500069,0.0,0.062382590025663376,0.0
0.0,0.0,0.0,0.0,0.0,0.0,0.0,0.0,0.0,0.0,0.0,-0.5479133725166321,0.0,0.0,0.0,0.18531914055347443,0.0,0.0,0.0,0.18988698720932007,0.0,0.03570251166820526,0.0,0.012207061983644962,0.0,0.04847051575779915,0.0,0.0705351009964943,0.0
0.0,0.0,0.0,0.0,0.0,0.0,0.0,0.0,0.0,0.0,0.0,-0.5449770092964172,0.0,0.0,0.0,0.198693186044693,0.0,0.0,0.0,0.20740906894207,0.0,0.027622738853096962,0.0,0.012910556048154831,0.0,0.0442383848130703,0.0,0.07696942239999771,0.0
0.0,0.0,0.0,0.0,0.0,0.0,0.0,0.0,0.0,0.0,0.0,-0.5408890843391418,0.0,0.0,0.0,0.20689967274665833,0.0,0.0,0.0,0.2187058925628662,0.0,0.02196955680847168,0.0,0.013379089534282684,0.0,0.041257504373788834,0.0,0.08118274062871933,0.0
0.0,0.0,0.0,0.0,0.0,0.0,0.0,0.0,0.0,0.0,0.0,-0.5359704494476318,0.0,0.0,0.0,0.20944523811340332,0.0,0.0,0.0,0.22314076125621796,0.0,0.019354509189724922,0.0,0.013576342724263668,0.0,0.03984943404793739,0.0,0.08292793482542038,0.0
0.0,0.0,0.0,0.0,0.0,0.0,0.0,0.0,0.0,0.0,0.0,-0.530745267868042,0.0,0.0,0.0,0.2066149264574051,0.0,0.0,0.0,0.22086426615715027,0.0,0.019750256091356277,0.0,0.013513181358575821,0.0,0.040004026144742966,0.0,0.08224471658468246,0.0
0.0,0.0,0.0,0.0,0.0,0.0,0.0,0.0,0.0,0.0,0.0,-0.5261059999465942,0.0,0.0,0.0,0.19938036799430847,0.0,0.0,0.0,0.21275824308395386,0.0,0.022942638024687767,0.0,0.013224286027252674,0.0,0.041622310876846313,0.0,0.07942183315753937,0.0
0.0,0.0,0.0,0.0,0.0,0.0,0.0,0.0,0.0,0.0,0.0,-0.5231398344039917,0.0,0.0,0.0,0.18914367258548737,0.0,0.0,0.0,0.20024840533733368,0.0,0.028646083548665047,0.0,0.012753473594784737,0.0,0.04457421600818634,0.0,0.07493364810943604,0.0
0.0,0.0,0.0,0.0,0.0,0.0,0.0,0.0,0.0,0.0,0.0,-0.5229177474975586,0.0,0.0,0.0,0.17727795243263245,0.0,0.0,0.0,0.18481656908988953,0.0,0.03661755099892616,0.0,0.012140770442783833,0.0,0.04875120520591736,0.0,0.06927648186683655,0.0
0.0,0.0,0.0,0.0,0.0,0.0,0.0,0.0,0.0,0.0,0.0,-0.5263022184371948,0.0,0.0,0.0,0.16522075235843658,0.0,0.0,0.0,0.16816796362400055,0.0,0.04651621729135513,0.0,0.011433924548327923,0.0,0.053987614810466766,0.0,0.06304065883159637,0.0
0.0,0.0,0.0,0.0,0.0,0.0,0.0,0.0,0.0,0.0,0.0,-0.5336761474609375,0.0,0.0,0.0,0.15425965189933777,0.0,0.0,0.0,0.15205654501914978,0.0,0.05754617601633072,0.0,0.010695377364754677,0.0,0.059858933091163635,0.0,0.056870151311159134,0.0
0.0,0.0,0.0,0.0,0.0,0.0,0.0,0.0,0.0,0.0,0.0,-0.5447903871536255,0.0,0.0,0.0,0.14536996185779572,0.0,0.0,0.0,0.13801050186157227,0.0,0.06857767701148987,0.0,0.009996308945119381,0.0,0.06574644148349762,0.0,0.051360223442316055,0.0
0.0,0.0,0.0,0.0,0.0,0.0,0.0,0.0,0.0,0.0,0.0,-0.5587996244430542,0.0,0.0,0.0,0.13917896151542664,0.0,0.0,0.0,0.12714844942092896,0.0,0.07838332653045654,0.0,0.009407361969351768,0.0,0.07097508013248444,0.0,0.04697507247328758,0.0
0.0,0.0,0.0,0.0,0.0,0.0,0.0,0.0,0.0,0.0,0.0,-0.5743318796157837,0.0,0.0,0.0,0.13595077395439148,0.0,0.0,0.0,0.12008017301559448,0.0,0.08584300428628922,0.0,0.008986489847302437,0.0,0.07493536919355392,0.0,0.043996330350637436,0.0
0.0,0.0,0.0,0.0,0.0,0.0,0.0,0.0,0.0,0.0,0.0,-0.5896647572517395,0.0,0.0,0.0,0.13561540842056274,0.0,0.0,0.0,0.11691167950630188,0.0,0.09010571241378784,0.0,0.008769413456320763,0.0,0.0771779790520668,0.0,0.04251263290643692,0.0
0.0,0.0,0.0,0.0,0.0,0.0,0.0,0.0,0.0,0.0,0.0,-0.6029390096664429,0.0,0.0,0.0,0.13780510425567627,0.0,0.0,0.0,0.11731816828250885,0.0,0.09079410880804062,0.0,0.008762529119849205,0.0,0.07752126455307007,0.0,0.042438238859176636,0.0
0.0,0.0,0.0,0.0,0.0,0.0,0.0,0.0,0.0,0.0,0.0,-0.6125239133834839,0.0,0.0,0.0,0.1419222354888916,0.0,0.0,0.0,0.1206606924533844,0.0,0.08810658752918243,0.0,0.00894248392432928,0.0,0.07609420269727707,0.0,0.0435524508357048,0.0
0.0,0.0,0.0,0.0,0.0,0.0,0.0,0.0,0.0,0.0,0.0,-0.6171618700027466,0.0,0.0,0.0,0.1472482532262802,0.0,0.0,0.0,0.12616725265979767,0.0,0.08256141096353531,0.0,0.009268498048186302,0.0,0.07318664342164993,0.0,0.045575179159641266,0.0
0.0,0.0,0.0,0.0,0.0,0.0,0.0,0.0,0.0,0.0,0.0,-0.6160590052604675,0.0,0.0,0.0,0.15316487848758698,0.0,0.0,0.0,0.1331847459077835,0.0,0.07446855306625366,0.0,0.009706638753414154,0.0,0.06896553933620453,0.0,0.048272568732500076,0.0
0.0,0.0,0.0,0.0,0.0,0.0,0.0,0.0,0.0,0.0,0.0,-0.6091915965080261,0.0,0.0,0.0,0.15927737951278687,0.0,0.0,0.0,0.14131510257720947,0.0,0.06449885666370392,0.0,0.01022294256836176,0.0,0.06377312541007996,0.0,0.05148601531982422,0.0
0.0,0.0,0.0,0.0,0.0,0.0,0.0,0.0,0.0,0.0,0.0,-0.5972687602043152,0.0,0.0,0.0,0.16515885293483734,0.0,0.0,0.0,0.15007618069648743,0.0,0.053586725145578384,0.0,0.010775788687169552,0.0,0.058074574917554855,0.0,0.05501847341656685,0.0
0.0,0.0,0.0,0.0,0.0,0.0,0.0,0.0,0.0,0.0,0.0,-0.5815939903259277,0.0,0.0,0.0,0.17045050859451294,0.0,0.0,0.0,0.15897679328918457,0.0,0.0426325649023056,0.0,0.01132587343454361,0.0,0.05231597647070885,0.0,0.05866631865501404,0.0
0.0,0.0,0.0,0.0,0.0,0.0,0.0,0.0,0.0,0.0,0.0,-0.5637593865394592,0.0,0.0,0.0,0.17489080131053925,0.0,0.0,0.0,0.16753001511096954,0.0,0.03236466646194458,0.0,0.011840255931019783,0.0,0.04686547815799713,0.0,0.062225792557001114,0.0
0.0,0.0,0.0,0.0,0.0,0.0,0.0,0.0,0.0,0.0,0.0,-0.5456027984619141,0.0,0.0,0.0,0.17835654318332672,0.0,0.0,0.0,0.17529477179050446,0.0,0.023473529145121574,0.0,0.012289767153561115,0.0,0.042088449001312256,0.0,0.06549996137619019,0.0
0.0,0.0,0.0,0.0,0.0,0.0,0.0,0.0,0.0,0.0,0.0,-0.5290747880935669,0.0,0.0,0.0,0.1808580607175827,0.0,0.0,0.0,0.18186259269714355,0.0,0.016461020335555077,0.0,0.012651758268475533,0.0,0.038269322365522385,0.0,0.06829747557640076,0.0
0.0,0.0,0.0,0.0,0.0,0.0,0.0,0.0,0.0,0.0,0.0,-0.5159410834312439,0.0,0.0,0.0,0.18248258531093597,0.0,0.0,0.0,0.18685241043567657,0.0,0.011565313674509525,0.0,0.012912018224596977,0.0,0.03556564822793007,0.0,0.07043827325105667,0.0
0.0,0.0,0.0,0.0,0.0,0.0,0.0,0.0,0.0,0.0,0.0,-0.5075237154960632,0.0,0.0,0.0,0.18333369493484497,0.0,0.0,0.0,0.18993259966373444,0.0,0.008765900507569313,0.0,0.013065118342638016,0.0,0.033999040722846985,0.0,0.07176925241947174,0.0
0.0,0.0,0.0,0.0,0.0,0.0,0.0,0.0,0.0,0.0,0.0,-0.5044717788696289,0.0,0.0,0.0,0.1835014820098877,0.0,0.0,0.0,0.19089275598526,0.0,0.007765539456158876,0.0,0.013116252608597279,0.0,0.03343378007411957,0.0,0.07219944149255753,0.0
0.0,0.0,0.0,0.0,0.0,0.0,0.0,0.0,0.0,0.0,0.0,-0.5067596435546875,0.0,0.0,0.0,0.18302778899669647,0.0,0.0,0.0,0.18965867161750793,0.0,0.008176176808774471,0.0,0.013076027855277061,0.0,0.033671148121356964,0.0,0.07170486450195312,0.0
0.0,0.0,0.0,0.0,0.0,0.0,0.0,0.0,0.0,0.0,0.0,-0.513795018196106,0.0,0.0,0.0,0.1818951666355133,0.0,0.0,0.0,0.18629290163516998,0.0,0.009707675315439701,0.0,0.012954696081578732,0.0,0.034551747143268585,0.0,0.07032395899295807,0.0
0.0,0.0,0.0,0.0,0.0,0.0,0.0,0.0,0.0,0.0,0.0,-0.5245853662490845,0.0,0.0,0.0,0.18005594611167908,0.0,0.0,0.0,0.18099600076675415,0.0,0.012405557557940483,0.0,0.012756243348121643,0.0,0.036090556532144547,0.0,0.06814701110124588,0.0
0.0,0.0,0.0,0.0,0.0,0.0,0.0,0.0,0.0,0.0,0.0,-0.5378011465072632,0.0,0.0,0.0,0.17731718719005585,0.0,0.0,0.0,0.1738777756690979,0.0,0.016273977234959602,0.0,0.012484334409236908,0.0,0.03827487304806709,0.0,0.06524287909269333,0.0
0.0,0.0,0.0,0.0,0.0,0.0,0.0,0.0,0.0,0.0,0.0,-0.5521148443222046,0.0,0.0,0.0,0.1736508011817932,0.0,0.0,0.0,0.16528891026973724,0.0,0.021184099838137627,0.0,0.012151111848652363,0.0,0.041020140051841736,0.0,0.061771754175424576,0.0
0.0,0.0,0.0,0.0,0.0,0.0,0.0,0.0,0.0,0.0,0.0,-0.5661394596099854,0.0,0.0,0.0,0.1692209094762802,0.0,0.0,0.0,0.1558716893196106,0.0,0.026855263859033585,0.0,0.011778146028518677,0.0,0.0441591776907444,0.0,0.05800323188304901,0.0
0.0,0.0,0.0,0.0,0.0,0.0,0.0,0.0,0.0,0.0,0.0,-0.578574538230896,0.0,0.0,0.0,0.16433915495872498,0.0,0.0,0.0,0.14641344547271729,0.0,0.03294568136334419,0.0,0.011392340064048767,0.0,0.0474964864552021,0.0,0.05425469949841499,0.0
0.0,0.0,0.0,0.0,0.0,0.0,0.0,0.0,0.0,0.0,0.0,-0.5883501172065735,0.0,0.0,0.0,0.15942753851413727,0.0,0.0,0.0,0.13772664964199066,0.0,0.03906978294253349,0.0,0.011023638769984245,0.0,0.05082013085484505,0.0,0.05084363743662834,0.0
0.0,0.0,0.0,0.0,0.0,0.0,0.0,0.0,0.0,0.0,0.0,-0.5947214365005493,0.0,0.0,0.0,0.1549968421459198,0.0,0.0,0.0,0.13059857487678528,0.0,0.0447939969599247,0.0,0.010703940875828266,0.0,0.05389980599284172,0.0,0.04806828126311302,0.0
0.0,0.0,0.0,0.0,0.0,0.0,0.0,0.0,0.0,0.0,0.0,-0.5973138213157654,0.0,0.0,0.0,0.15156933665275574,0.0,0.0,0.0,0.1256970465183258,0.0,0.0496501587331295,0.0,0.010463983751833439,0.0,0.05649235099554062,0.0,0.0461750365793705,0.0
0.0,0.0,0.0,0.0,0.0,0.0,0.0,0.0,0.0,0.0,0.0,-0.5961886644363403,0.0,0.0,0.0,0.14956609904766083,0.0,0.0,0.0,0.12344257533550262,0.0,0.05326563119888306,0.0,0.010326256044209003,0.0,0.05840916931629181,0.0,0.04531189426779747,0.0
0.0,0.0,0.0,0.0,0.0,0.0,0.0,0.0,0.0,0.0,0.0,-0.5917620658874512,0.0,0.0,0.0,0.14924432337284088,0.0,0.0,0.0,0.123979851603508,0.0,0.055329859256744385,0.0,0.010303965769708157,0.0,0.05949482321739197,0.0,0.04552360996603966,0.0
0.0,0.0,0.0,0.0,0.0,0.0,0.0,0.0,0.0,0.0,0.0,-0.5847166776657104,0.0,0.0,0.0,0.15066978335380554,0.0,0.0,0.0,0.12719345092773438,0.0,0.055627476423978806,0.0,0.010399827733635902,0.0,0.059642206877470016,0.0,0.046759944409132004,0.0
0.0,0.0,0.0,0.0,0.0,0.0,0.0,0.0,0.0,0.0,0.0,-0.5758296847343445,0.0,0.0,0.0,0.15369629859924316,0.0,0.0,0.0,0.1327223777770996,0.0,0.05406513065099716,0.0,0.01060581486672163,0.0,0.058805327862501144,0.0,0.04888346418738365,0.0
0.0,0.0,0.0,0.0,0.0,0.0,0.0,0.0,0.0,0.0,0.0,-0.5658137202262878,0.0,0.0,0.0,0.1580568253993988,0.0,0.0,0.0,0.14010241627693176,0.0,0.050776444375514984,0.0,0.01090471912175417,0.0,0.057055432349443436,0.0,0.05171705409884453,0.0
0.0,0.0,0.0,0.0,0.0,0.0,0.0,0.0,0.0,0.0,0.0,-0.55548495054245,0.0,0.0,0.0,0.16345933079719543,0.0,0.0,0.0,0.14883628487586975,0.0,0.04601870849728584,0.0,0.011275596916675568,0.0,0.05452888831496239,0.0,0.05506907403469086,0.0
0.0,0.0,0.0,0.0,0.0,0.0,0.0,0.0,0.0,0.0,0.0,-0.5457404851913452,0.0,0.0,0.0,0.16943500936031342,0.0,0.0,0.0,0.15819571912288666,0.0,0.04013887792825699,0.0,0.01168961450457573,0.0,0.051408275961875916,0.0,0.05866546556353569,0.0
0.0,0.0,0.0,0.0,0.0,0.0,0.0,0.0,0.0,0.0,0.0,-0.537447452545166,0.0,0.0,0.0,0.17546069622039795,0.0,0.0,0.0,0.16739226877689362,0.0,0.033735476434230804,0.0,0.01210893876850605,0.0,0.0480080209672451,0.0,0.062203165143728256,0.0
0.0,0.0,0.0,0.0,0.0,0.0,0.0,0.0,0.0,0.0,0.0,-0.5312818884849548,0.0,0.0,0.0,0.18099796772003174,0.0,0.0,0.0,0.1756230741739273,0.0,0.027503564953804016,0.0,0.012493155896663666,0.0,0.04469579830765724,0.0,0.06536997109651566,0.0
0.0,0.0,0.0,0.0,0.0,0.0,0.0,0.0,0.0,0.0,0.0,-0.5276548266410828,0.0,0.0,0.0,0.1855306476354599,0.0,0.0,0.0,0.18212072551250458,0.0,0.02210487239062786,0.0,0.012804781086742878,0.0,0.04182473197579384,0.0,0.06786710023880005,0.0
0.0,0.0,0.0,0.0,0.0,0.0,0.0,0.0,0.0,0.0,0.0,-0.5266745090484619,0.0,0.0,0.0,0.1886255145072937,0.0,0.0,0.0,0.1862454116344452,0.0,0.01804467663168907,0.0,0.013015376403927803,0.0,0.039666950702667236,0.0,0.06944767385721207,0.0
0.0,0.0,0.0,0.0,0.0,0.0,0.0,0.0,0.0,0.0,0.0,-0.5281168818473816,0.0,0.0,0.0,0.1900101751089096,0.0,0.0,0.0,0.18761545419692993,0.0,0.015559926629066467,0.0,0.013111768290400505,0.0,0.03835147246718407,0.0,0.06996926665306091,0.0
0.0,0.0,0.0,0.0,0.0,0.0,0.0,0.0,0.0,0.0,0.0,-0.5315656661987305,0.0,0.0,0.0,0.1895972490310669,0.0,0.0,0.0,0.18614910542964935,0.0,0.01475546881556511,0.0,0.013092555105686188,0.0,0.03793589770793915,0.0,0.0694044902920723,0.0
0.0,0.0,0.0,0.0,0.0,0.0,0.0,0.0,0.0,0.0,0.0,-0.5365166068077087,0.0,0.0,0.0,0.18748435378074646,0.0,0.0,0.0,0.18206530809402466,0.0,0.015657594427466393,0.0,0.012965217232704163,0.0,0.038434818387031555,0.0,0.06783842295408249,0.0
0.0,0.0,0.0,0.0,0.0,0.0,0.0,0.0,0.0,0.0,0.0,-0.5426174998283386,0.0,0.0,0.0,0.18397949635982513,0.0,0.0,0.0,0.1758592128753662,0.0,0.018254289403557777,0.0,0.012743544764816761,0.0,0.039843738079071045,0.0,0.06545297801494598,0.0
0.0,0.0,0.0,0.0,0.0,0.0,0.0,0.0,0.0,0.0,0.0,-0.5495131611824036,0.0,0.0,0.0,0.17938973009586334,0.0,0.0,0.0,0.16803663969039917,0.0,0.022254589945077896,0.0,0.012447183020412922,0.0,0.04200573265552521,0.0,0.06244237720966339,0.0
0.0,0.0,0.0,0.0,0.0,0.0,0.0,0.0,0.0,0.0,0.0,-0.5567940473556519,0.0,0.0,0.0,0.17412328720092773,0.0,0.0,0.0,0.15927059948444366,0.0,0.027450507506728172,0.0,0.012098357081413269,0.0,0.04480927065014839,0.0,0.05906045064330101,0.0
0.0,0.0,0.0,0.0,0.0,0.0,0.0,0.0,0.0,0.0,0.0,-0.5639620423316956,0.0,0.0,0.0,0.16866065561771393,0.0,0.0,0.0,0.1503586322069168,0.0,0.033491697162389755,0.0,0.011725164018571377,0.0,0.0480642132461071,0.0,0.055611751973629,0.0
0.0,0.0,0.0,0.0,0.0,0.0,0.0,0.0,0.0,0.0,0.0,-0.5705145597457886,0.0,0.0,0.0,0.16349831223487854,0.0,0.0,0.0,0.1421055942773819,0.0,0.03985539823770523,0.0,0.011359727941453457,0.0,0.05148669332265854,0.0,0.052406538277864456,0.0
0.0,0.0,0.0,0.0,0.0,0.0,0.0,0.0,0.0,0.0,0.0,-0.5760082602500916,0.0,0.0,0.0,0.1591249406337738,0.0,0.0,0.0,0.13525497913360596,0.0,0.04594830423593521,0.0,0.011035313829779625,0.0,0.05475680157542229,0.0,0.04973132908344269,0.0
0.0,0.0,0.0,0.0,0.0,0.0,0.0,0.0,0.0,0.0,0.0,-0.580077052116394,0.0,0.0,0.0,0.15596288442611694,0.0,0.0,0.0,0.1303991973400116,0.0,0.05119910463690758,0.0,0.010782584547996521,0.0,0.05756963789463043,0.0,0.0478144995868206,0.0
0.0,0.0,0.0,0.0,0.0,0.0,0.0,0.0,0.0,0.0,0.0,-0.5824493765830994,0.0,0.0,0.0,0.15430322289466858,0.0,0.0,0.0,0.12790223956108093,0.0,0.055122844874858856,0.0,0.010625430382788181,0.0,0.05966939777135849,0.0,0.04679778218269348,0.0
0.0,0.0,0.0,0.0,0.0,0.0,0.0,0.0,0.0,0.0,0.0,-0.5830125212669373,0.0,0.0,0.0,0.15424443781375885,0.0,0.0,0.0,0.12783236801624298,0.0,0.057438142597675323,0.0,0.010575261898338795,0.0,0.06091079115867615,0.0,0.04670991748571396,0.0
0.0,0.0,0.0,0.0,0.0,0.0,0.0,0.0,0.0,0.0,0.0,-0.5817662477493286,0.0,0.0,0.0,0.1556980460882187,0.0,0.0,0.0,0.13000506162643433,0.0,0.05799352005124092,0.0,0.010632358491420746,0.0,0.06121721863746643,0.0,0.047485869377851486,0.0
0.0,0.0,0.0,0.0,0.0,0.0,0.0,0.0,0.0,0.0,0.0,-0.5788245797157288,0.0,0.0,0.0,0.15841986238956451,0.0,0.0,0.0,0.13404503464698792,0.0,0.056785404682159424,0.0,0.010786538012325764,0.0,0.060588810592889786,0.0,0.04898941516876221,0.0
0.0,0.0,0.0,0.0,0.0,0.0,0.0,0.0,0.0,0.0,0.0,-0.5744218230247498,0.0,0.0,0.0,0.16208302974700928,0.0,0.0,0.0,0.1394871175289154,0.0,0.054003506898880005,0.0,0.011019154451787472,0.0,0.0591261051595211,0.0,0.05104753002524376,0.0
0.0,0.0,0.0,0.0,0.0,0.0,0.0,0.0,0.0,0.0,0.0,-0.568758487701416,0.0,0.0,0.0,0.16642819344997406,0.0,0.0,0.0,0.1459806263446808,0.0,0.04996947944164276,0.0,0.011312003247439861,0.0,0.05699894204735756,0.0,0.0535258948802948,0.0
0.0,0.0,0.0,0.0,0.0,0.0,0.0,0.0,0.0,0.0,0.0,-0.5621408224105835,0.0,0.0,0.0,0.17109721899032593,0.0,0.0,0.0,0.15303295850753784,0.0,0.04495507478713989,0.0,0.011644111014902592,0.0,0.05434934422373772,0.0,0.056241437792778015,0.0
0.0,0.0,0.0,0.0,0.0,0.0,0.0,0.0,0.0,0.0,0.0,-0.55511474609375,0.0,0.0,0.0,0.1756906807422638,0.0,0.0,0.0,0.1600835770368576,0.0,0.039492614567279816,0.0,0.011985684745013714,0.0,0.05145610123872757,0.0,0.05897800996899605,0.0
0.0,0.0,0.0,0.0,0.0,0.0,0.0,0.0,0.0,0.0,0.0,-0.55511474609375,-0.13314563035964966,0.0,0.0,0.1756906807422638,-0.03411309793591499,0.0,0.0,0.1600835770368576,-0.05185906961560249,0.039492614567279816,0.01338797528296709,0.011985684745013714,-0.00016131304437294602,0.05145610123872757,0.01122656837105751,0.05897800996899605,-0.01901041343808174
0.0,0.0,0.0,0.0,0.0,0.0,0.0,0.0,0.0,0.0,0.0,-0.55511474609375,-0.26348257064819336,0.0,0.0,0.1756906807422638,-0.0672793909907341,0.0,0.0,0.1600835770368576,-0.09902021288871765,0.039492614567279816,0.026732977479696274,0.011985684745013714,-0.0003906414785888046,0.05145610123872757,0.02203219197690487,0.05897800996899605,-0.036041006445884705
0.0,0.0,0.0,0.0,0.0,0.0,0.0,0.0,0.0,0.0,0.0,-0.55511474609375,-0.38496312499046326,0.0,0.0,0.1756906807422638,-0.09812214970588684,0.0,0.0,0.1600835770368576,-0.1368332803249359,0.039492614567279816,0.04234028980135918,0.011985684745013714,-0.0006643339875154197,0.05145610123872757,0.03330191224813461,0.05897800996899605,-0.04920288920402527
0.0,0.0,0.0,0.0,0.0,0.0,0.0,0.0,0.0,0.0,0.0,-0.55511474609375,-0.4910508394241333,0.0,0.0,0.1756906807422638,-0.12421619892120361,0.0,0.0,0.1600835770368576,-0.1626531332731247,0.039492614567279816,0.06326846033334732,0.011985684745013714,-0.0008150369976647198,0.05145610123872757,0.046559687703847885,0.05897800996899605,-0.057529062032699585
0.0,0.0,0.0,0.0,0.0,0.0,0.0,0.0,0.0,0.0,0.0,-0.55511474609375,-0.5748004913330078,0.0,0.0,0.1756906807422638,-0.1426539570093155,0.0,0.0,0.1600835770368576,-0.17600791156291962,0.039492614567279816,0.08982942253351212,0.011985684745013714,-0.0006639944040216506,0.05145610123872757,0.061977602541446686,0.05897800996899605,-0.06102997064590454
0.0,0.0,0.0,0.0,0.0,0.0,0.0,0.0,0.0,0.0,0.0,-0.55511474609375,-0.629590630531311,0.0,0.0,0.1756906807422638,-0.15102343261241913,0.0,0.0,0.1600835770368576,-0.17830006778240204,0.039492614567279816,0.118421271443367,0.011985684745013714,-0.00016548555868212134,0.05145610123872757,0.07773967832326889,0.05897800996899605,-0.06057007610797882
0.0,0.0,0.0,0.0,0.0,0.0,0.0,0.0,0.0,0.0,0.0,-0.55511474609375,-0.6508825421333313,0.0,0.0,0.1756906807422638,-0.1485697627067566,0.0,0.0,0.1600835770368576,-0.17243945598602295,0.039492614567279816,0.14314739406108856,0.011985684745013714,0.0005552241927944124,0.05145610123872757,0.0909632071852684,0.05897800996899605,-0.057621151208877563
0.0,0.0,0.0,0.0,0.0,0.0,0.0,0.0,0.0,0.0,0.0,-0.55511474609375,-0.6381914615631104,0.0,0.0,0.1756906807422638,-0.13688476383686066,0.0,0.0,0.1600835770368576,-0.1621885448694229,0.039492614567279816,0.15888291597366333,0.011985684745013714,0.001280361320823431,0.05145610123872757,0.0992935374379158,0.05897800996899605,-0.053827252238988876
0.0,0.0,0.0,0.0,0.0,0.0,0.0,0.0,0.0,0.0,0.0,-0.55511474609375,-0.5962417721748352,0.0,0.0,0.1756906807422638,-0.11963047832250595,0.0,0.0,0.1600835770368576,-0.1513170748949051,0.039492614567279816,0.16381438076496124,0.011985684745013714,0.0018179366597905755,0.05145610123872757,0.10207180678844452,0.05897800996899605,-0.05056414380669594
0.0,0.0,0.0,0.0,0.0,0.0,0.0,0.0,0.0,0.0,0.0,-0.55511474609375,-0.5346710681915283,0.0,0.0,0.1756906807422638,-0.10131672769784927,0.0,0.0,0.1600835770368576,-0.1428648978471756,0.039492614567279816,0.1599118411540985,0.011985684745013714,0.002066647633910179,0.05145610123872757,0.10041482001543045,0.05897800996899605,-0.04870147258043289
0.0,0.0,0.0,0.0,0.0,0.0,0.0,0.0,0.0,0.0,0.0,-0.55511474609375,-0.46603548526763916,0.0,0.0,0.1756906807422638,-0.08642643690109253,0.0,0.0,0.1600835770368576,-0.13913145661354065,0.039492614567279816,0.15153639018535614,0.011985684745013714,0.002012181794270873,0.05145610123872757,0.09650443494319916,0.05897800996899605,-0.04871371015906334
0.0,0.0,0.0,0.0,0.0,0.0,0.0,0.0,0.0,0.0,0.0,-0.55511474609375,-0.40283527970314026,0.0,0.0,0.1756906807422638,-0.0784316211938858,0.0,0.0,0.1600835770368576,-0.14167830348014832,0.039492614567279816,0.14278942346572876,0.011985684745013714,0.0016730318311601877,0.05145610123872757,0.09236464649438858,0.05897800996899605,-0.05085516721010208
0.0,0.0,0.0,0.0,0.0,0.0,0.0,0.0,0.0,0.0,0.0,-0.55511474609375,-0.35478755831718445,0.0,0.0,0.1756906807422638,-0.07924768328666687,0.0,0.0,0.1600835770368576,-0.1511874496936798,0.039492614567279816,0.13521802425384521,0.011985684745013714,0.0010530783329159021,0.05145610123872757,0.08871269226074219,0.05897800996899605,-0.05520094186067581
0.0,0.0,0.0,0.0,0.0,0.0,0.0,0.0,0.0,0.0,0.0,-0.55511474609375,-0.3268720805644989,0.0,0.0,0.1756906807422638,-0.08896031975746155,0.0,0.0,0.1600835770368576,-0.16708002984523773,0.039492614567279816,0.1270434856414795,0.011985684745013714,0.00014388732961378992,0.05145610123872757,0.08459378033876419,0.05897800996899605,-0.06151454150676727
0.0,0.0,0.0,0.0,0.0,0.0,0.0,0.0,0.0,0.0,0.0,-0.55511474609375,-0.31913861632347107,0.0,0.0,0.1756906807422638,-0.10583491623401642,0.0,0.0,0.1600835770368576,-0.1872495859861374,0.039492614567279816,0.11472350358963013,0.011985684745013714,-0.001044027740135789,0.05145610123872757,0.07816636562347412,0.05897800996899605,-0.06913144141435623
0.0,0.0,0.0,0.0,0.0,0.0,0.0,0.0,0.0,0.0,0.0,-0.55511474609375,-0.3282860517501831,0.0,0.0,0.1756906807422638,-0.12682321667671204,0.0,0.0,0.1600835770368576,-0.20849065482616425,0.039492614567279816,0.09567752480506897,0.011985684745013714,-0.0024430949706584215,0.05145610123872757,0.06811171025037766,0.05897800996899605,-0.07700834423303604
0.0,0.0,0.0,0.0,0.0,0.0,0.0,0.0,0.0,0.0,0.0,-0.55511474609375,-0.3500807285308838,0.0,0.0,0.1756906807422638,-0.1483040601015091,0.0,0.0,0.1600835770368576,-0.22723528742790222,0.039492614567279816,0.07066334784030914,0.011985684745013714,-0.003893103916198015,0.05145610123872757,0.05486377701163292,0.05897800996899605,-0.08390522003173828
0.0,0.0,0.0,0.0,0.0,0.0,0.0,0.0,0.0,0.0,0.0,-0.55511474609375,-0.3806474804878235,0.0,0.0,0.1756906807422638,-0.16702528297901154,0.0,0.0,0.1600835770368576,-0.24044451117515564,0.039492614567279816,0.04358690604567528,0.011985684745013714,-0.005166038405150175,0.05145610123872757,0.0405060239136219,0.05897800996899605,-0.08868495374917984
0.0,0.0,0.0,0.0,0.0,0.0,0.0,0.0,0.0,0.0,0.0,-0.55511474609375,-0.41664040088653564,0.0,0.0,0.1756906807422638,-0.18055947124958038,0.0,0.0,0.1600835770368576,-0.2460838258266449,0.039492614567279816,0.020167062059044838,0.011985684745013714,-0.006037186831235886,0.05145610123872757,0.028091466054320335,0.05897800996899605,-0.09050566703081131
0.0,0.0,0.0,0.0,0.0,0.0,0.0,0.0,0.0,0.0,0.0,-0.55511474609375,-0.45445024967193604,0.0,0.0,0.1756906807422638,-0.18727007508277893,0.0,0.0,0.1600835770368576,-0.2430165708065033,0.039492614567279816,0.0052612945437431335,0.011985684745013714,-0.006358926184475422,0.05145610123872757,0.020254381000995636,0.05897800996899605,-0.08889465779066086
0.0,0.0,0.0,0.0,0.0,0.0,0.0,0.0,0.0,0.0,0.0,-0.55511474609375,-0.48941662907600403,0.0,0.0,0.1756906807422638,-0.18616320192813873,0.0,0.0,0.1600835770368576,-0.23105831444263458,0.039492614567279816,0.0008273334824480116,0.011985684745013714,-0.006128901615738869,0.05145610123872757,0.01808098703622818,0.05897800996899605,-0.08387450128793716
0.0,0.0,0.0,0.0,0.0,0.0,0.0,0.0,0.0,0.0,0.0,-0.55511474609375,-0.5165723562240601,0.0,0.0,0.1756906807422638,-0.17709098756313324,0.0,0.0,0.1600835770368576,-0.21127299964427948,0.039492614567279816,0.006079001352190971,0.011985684745013714,-0.005470146890729666,0.05145610123872757,0.021124470978975296,0.05897800996899605,-0.07602622359991074
0.0,0.0,0.0,0.0,0.0,0.0,0.0,0.0,0.0,0.0,0.0,-0.55511474609375,-0.5320104956626892,0.0,0.0,0.1756906807422638,-0.16096670925617218,0.0,0.0,0.1600835770368576,-0.18588082492351532,0.039492614567279816,0.01843554712831974,0.011985684745013714,-0.0045587169006466866,0.05145610123872757,0.02791401743888855,0.05897800996899605,-0.06635180115699768
0.0,0.0,0.0,0.0,0.0,0.0,0.0,0.0,0.0,0.0,0.0,-0.55511474609375,-0.5343287587165833,0.0,0.0,0.1756906807422638,-0.14015620946884155,0.0,0.0,0.1600835770368576,-0.15831264853477478,0.039492614567279816,0.03507036715745926,0.011985684745013714,-0.0035552484914660454,0.05145610123872757,0.03686170652508736,0.05897800996899605,-0.05617296323180199
0.0,0.0,0.0,0.0,0.0,0.0,0.0,0.0,0.0,0.0,0.0,-0.55511474609375,-0.5251286625862122,0.0,0.0,0.1756906807422638,-0.1180899441242218,0.0,0.0,0.1600835770368576,-0.13236400485038757,0.039492614567279816,0.05395808815956116,0.011985684745013714,-0.0025813423562794924,0.05145610123872757,0.04688735678792,0.05897800996899605,-0.04679626226425171
0.0,0.0,0.0,0.0,0.0,0.0,0.0,0.0,0.0,0.0,0.0,-0.55511474609375,-0.5083866715431213,0.0,0.0,0.1756906807422638,-0.09836044907569885,0.0,0.0,0.1600835770368576,-0.11130692809820175,0.039492614567279816,0.07391548156738281,0.011985684745013714,-0.0016993768513202667,0.05145610123872757,0.05741981416940689,0.05897800996899605,-0.039266325533390045
0.0,0.0,0.0,0.0,0.0,0.0,0.0,0.0,0.0,0.0,0.0,-0.55511474609375,-0.48913514614105225,0.0,0.0,0.1756906807422638,-0.0839637964963913,0.0,0.0,0.1600835770368576,-0.09757951647043228,0.039492614567279816,0.09375079721212387,0.011985684745013714,-0.0009829242480918765,0.05145610123872757,0.06789569556713104,0.05897800996899605,-0.03434818238019943
0.0,0.0,0.0,0.0,0.0,0.0,0.0,0.0,0.0,0.0,0.0,-0.55511474609375,-0.4719264507293701,0.0,0.0,0.1756906807422638,-0.07677745074033737,0.0,0.0,0.1600835770368576,-0.09247902780771255,0.039492614567279816,0.11173970252275467,0.011985684745013714,-0.0005216161953285336,0.05145610123872757,0.07743015140295029,0.05897800996899605,-0.03246653079986572
0.0,0.0,0.0,0.0,0.0,0.0,0.0,0.0,0.0,0.0,0.0,-0.55511474609375,-0.4597560167312622,0.0,0.0,0.1756906807422638,-0.07736576348543167,0.0,0.0,0.1600835770368576,-0.09598029404878616,0.039492614567279816,0.125753253698349,0.011985684745013714,-0.00040214930777437985,0.05145610123872757,0.08487924188375473,0.05897800996899605,-0.03363468125462532
0.0,0.0,0.0,0.0,0.0,0.0,0.0,0.0,0.0,0.0,0.0,-0.55511474609375,-0.4536851644515991,0.0,0.0,0.1756906807422638,-0.08508346974849701,0.0,0.0,0.1600835770368576,-0.106837697327137,0.039492614567279816,0.1335425227880478,0.011985684745013714,-0.0006758305244147778,0.05145610123872757,0.08902286738157272,0.05897800996899605,-0.0374603234231472
0.0,0.0,0.0,0.0,0.0,0.0,0.0,0.0,0.0,0.0,0.0,-0.55511474609375,-0.45301884412765503,0.0,0.0,0.1756906807422638,-0.09835608303546906,0.0,0.0,0.1600835770368576,-0.12292753159999847,0.039492614567279816,0.1334579735994339,0.011985684745013714,-0.0013317459961399436,0.05145610123872757,0.08898455649614334,0.05897800996899605,-0.043237246572971344
0.0,0.0,0.0,0.0,0.0,0.0,0.0,0.0,0.0,0.0,0.0,-0.55511474609375,-0.45608803629875183,0.0,0.0,0.1756906807422638,-0.11521643400192261,0.0,0.0,0.1600835770368576,-0.1419651210308075,0.039492614567279816,0.12534572184085846,0.011985684745013714,-0.002296274760738015,0.05145610123872757,0.08470989018678665,0.05897800996899605,-0.0501798614859581
0.0,0.0,0.0,0.0,0.0,0.0,0.0,0.0,0.0,0.0,0.0,-0.55511474609375,-0.46129223704338074,0.0,0.0,0.1756906807422638,-0.13336071372032166,0.0,0.0,0.1600835770368576,-0.1615518033504486,0.039492614567279816,0.11104436218738556,0.011985684745013714,-0.0034297816455364227,0.05145610123872757,0.07719115912914276,0.05897800996899605,-0.057419247925281525
0.0,0.0,0.0,0.0,0.0,0.0,0.0,0.0,0.0,0.0,0.0,-0.55511474609375,-0.4673214554786682,0.0,0.0,0.1756906807422638,-0.15057452023029327,0.0,0.0,0.1600835770368576,-0.17955943942070007,0.039492614567279816,0.09355306625366211,0.011985684745013714,-0.004579417873173952,0.05145610123872757,0.06800755113363266,0.05897800996899605,-0.06415651738643646
0.0,0.0,0.0,0.0,0.0,0.0,0.0,0.0,0.0,0.0,0.0,-0.55511474609375,-0.4730324149131775,0.0,0.0,0.1756906807422638,-0.16495037078857422,0.0,0.0,0.1600835770368576,-0.19427242875099182,0.039492614567279816,0.07614815980195999,0.011985684745013714,-0.005588495638221502,0.05145610123872757,0.05886470898985863,0.05897800996899605,-0.06972692161798477
0.0,0.0,0.0,0.0,0.0,0.0,0.0,0.0,0.0,0.0,0.0,-0.55511474609375,-0.47752827405929565,0.0,0.0,0.1756906807422638,-0.175075963139534,0.0,0.0,0.1600835770368576,-0.2044725865125656,0.039492614567279816,0.0617327056825161,0.011985684745013714,-0.006336492486298084,0.05145610123872757,0.05127584934234619,0.05897800996899605,-0.07364056259393692
0.0,0.0,0.0,0.0,0.0,0.0,0.0,0.0,0.0,0.0,0.0,-0.55511474609375,-0.4798548221588135,0.0,0.0,0.1756906807422638,-0.18010348081588745,0.0,0.0,0.1600835770368576,-0.2094256728887558,0.039492614567279816,0.051942311227321625,0.011985684745013714,-0.006764435674995184,0.05145610123872757,0.046104270964860916,0.05897800996899605,-0.07561391592025757
0.0,0.0,0.0,0.0,0.0,0.0,0.0,0.0,0.0,0.0,0.0,-0.55511474609375,-0.47913163900375366,0.0,0.0,0.1756906807422638,-0.17983683943748474,0.0,0.0,0.1600835770368576,-0.20901358127593994,0.039492614567279816,0.04715866222977638,0.011985684745013714,-0.006878212094306946,0.05145610123872757,0.04355790466070175,0.05897800996899605,-0.0756196454167366
0.0,0.0,0.0,0.0,0.0,0.0,0.0,0.0,0.0,0.0,0.0,-0.55511474609375,-0.4749576449394226,0.0,0.0,0.1756906807422638,-0.17481282353401184,0.0,0.0,0.1600835770368576,-0.20384107530117035,0.039492614567279816,0.046915821731090546,0.011985684745013714,-0.006731411907821894,0.05145610123872757,0.043393708765506744,0.05897800996899605,-0.07390124350786209
0.0,0.0,0.0,0.0,0.0,0.0,0.0,0.0,0.0,0.0,0.0,-0.55511474609375,-0.46785345673561096,0.0,0.0,0.1756906807422638,-0.16621969640254974,0.0,0.0,0.1600835770368576,-0.19510877132415771,0.039492614567279816,0.050566356629133224,0.011985684745013714,-0.006391000468283892,0.05145610123872757,0.04527546465396881,0.05897800996899605,-0.07089154422283173
0.0,0.0,0.0,0.0,0.0,0.0,0.0,0.0,0.0,0.0,0.0,-0.55511474609375,-0.4592626094818115,0.0,0.0,0.1756906807422638,-0.15560108423233032,0.0,0.0,0.1600835770368576,-0.18427973985671997,0.039492614567279816,0.05743907392024994,0.011985684745013714,-0.005917336791753769,0.05145610123872757,0.04886335879564285,0.05897800996899605,-0.06709001958370209
0.0,0.0,0.0,0.0,0.0,0.0,0.0,0.0,0.0,0.0,0.0,-0.55511474609375,-0.4511353075504303,0.0,0.0,0.1756906807422638,-0.14453695714473724,0.0,0.0,0.1600835770368576,-0.17279726266860962,0.039492614567279816,0.06674791127443314,0.011985684745013714,-0.005364059936255217,0.05145610123872757,0.053760554641485214,0.05897800996899605,-0.0629776269197464
0.0,0.0,0.0,0.0,0.0,0.0,0.0,0.0,0.0,0.0,0.0,-0.55511474609375,-0.44533148407936096,0.0,0.0,0.1756906807422638,-0.1345234364271164,0.0,0.0,0.1600835770368576,-0.16208143532276154,0.039492614567279816,0.07794477045536041,0.011985684745013714,-0.004779627546668053,0.05145610123872757,0.05969313159584999,0.05897800996899605,-0.05902695655822754
0.0,0.0,0.0,0.0,0.0,0.0,0.0,0.0,0.0,0.0,0.0,-0.55511474609375,-0.4432947337627411,0.0,0.0,0.1756906807422638,-0.12675465643405914,0.0,0.0,0.1600835770368576,-0.15333291888237,0.039492614567279816,0.09010180085897446,0.011985684745013714,-0.004218545742332935,0.05145610123872757,0.06616891920566559,0.05897800996899605,-0.055660996586084366
0.0,0.0,0.0,0.0,0.0,0.0,0.0,0.0,0.0,0.0,0.0,-0.55511474609375,-0.44574376940727234,0.0,0.0,0.1756906807422638,-0.12193704396486282,0.0,0.0,0.1600835770368576,-0.1473165601491928,0.039492614567279816,0.10191021114587784,0.011985684745013714,-0.003739368636161089,0.05145610123872757,0.0724732056260109,0.05897800996899605,-0.053180184215307236
0.0,0.0,0.0,0.0,0.0,0.0,0.0,0.0,0.0,0.0,0.0,-0.55511474609375,-0.4525151550769806,0.0,0.0,0.1756906807422638,-0.12024130672216415,0.0,0.0,0.1600835770368576,-0.14427334070205688,0.039492614567279816,0.11200033873319626,0.011985684745013714,-0.003392671002075076,0.05145610123872757,0.07785098999738693,0.05897800996899605,-0.05171940475702286
0.0,0.0,0.0,0.0,0.0,0.0,0.0,0.0,0.0,0.0,0.0,-0.55511474609375,-0.46264541149139404,0.0,0.0,0.1756906807422638,-0.12135705351829529,0.0,0.0,0.1600835770368576,-0.14395257830619812,0.039492614567279816,0.11924813687801361,0.011985684745013714,-0.0032083161640912294,0.05145610123872757,0.08168737590312958,0.05897800996899605,-0.051243606954813004
0.0,0.0,0.0,0.0,0.0,0.0,0.0,0.0,0.0,0.0,0.0,-0.55511474609375,-0.47466060519218445,0.0,0.0,0.1756906807422638,-0.12462049722671509,0.0,0.0,0.1600835770368576,-0.1457444280385971,0.039492614567279816,0.12307366728782654,0.011985684745013714,-0.0031866710633039474,0.05145610123872757,0.08367647975683212,0.05897800996899605,-0.05157918110489845
0.0,0.0,0.0,0.0,0.0,0.0,0.0,0.0,0.0,0.0,0.0,-0.55511474609375,-0.4870408773422241,0.0,0.0,0.1756906807422638,-0.129204660654068,0.0,0.0,0.1600835770368576,-0.14888159930706024,0.039492614567279816,0.12362280488014221,0.011985684745013714,-0.0032988563179969788,0.05145610123872757,0.08391382545232773,0.05897800996899605,-0.052474237978458405
0.0,0.0,0.0,0.0,0.0,0.0,0.0,0.0,0.0,0.0,0.0,-0.55511474609375,-0.4984086751937866,0.0,0.0,0.1756906807422638,-0.13422566652297974,0.0,0.0,0.1600835770368576,-0.15256063640117645,0.039492614567279816,0.12156961113214493,0.011985684745013714,-0.003496959339827299,0.05145610123872757,0.08277732133865356,0.05897800996899605,-0.05364624410867691
0.0,0.0,0.0,0.0,0.0,0.0,0.0,0.0,0.0,0.0,0.0,-0.55511474609375,-0.5075636506080627,0.0,0.0,0.1756906807422638,-0.13905668258666992,0.0,0.0,0.1600835770368576,-0.1563147008419037,0.039492614567279816,0.11794491857290268,0.011985684745013714,-0.0037366431206464767,0.05145610123872757,0.08082717657089233,0.05897800996899605,-0.0549221970140934
0.0,0.0,0.0,0.0,0.0,0.0,0.0,0.0,0.0,0.0,0.0,-0.55511474609375,-0.5134846568107605,0.0,0.0,0.1756906807422638,-0.14317846298217773,0.0,0.0,0.1600835770368576,-0.15977796912193298,0.039492614567279816,0.11359906196594238,0.011985684745013714,-0.003981641959398985,0.05145610123872757,0.07852017134428024,0.05897800996899605,-0.05616678670048714
0.0,0.0,0.0,0.0,0.0,0.0,0.0,0.0,0.0,0.0,0.0,-0.55511474609375,-0.5154457092285156,0.0,0.0,0.1756906807422638,-0.14615316689014435,0.0,0.0,0.1600835770368576,-0.16260863840579987,0.039492614567279816,0.10892575234174728,0.011985684745013714,-0.0042077018879354,0.05145610123872757,0.07606714218854904,0.05897800996899605,-0.05726006627082825
0.0,0.0,0.0,0.0,0.0,0.0,0.0,0.0,0.0,0.0,0.0,-0.55511474609375,-0.5133058428764343,0.0,0.0,0.1756906807422638,-0.14775371551513672,0.0,0.0,0.1600835770368576,-0.16462646424770355,0.039492614567279816,0.1044699177145958,0.011985684745013714,-0.004394953139126301,0.05145610123872757,0.07374966144561768,0.05897800996899605,-0.058127593249082565
0.0,0.0,0.0,0.0,0.0,0.0,0.0,0.0,0.0,0.0,0.0,-0.55511474609375,-0.5074301958084106,0.0,0.0,0.1756906807422638,-0.147997185587883,0.0,0.0,0.1600835770368576,-0.1658291518688202,0.039492614567279816,0.10063101351261139,0.011985684745013714,-0.004535347688943148,0.05145610123872757,0.0717674195766449,0.05897800996899605,-0.05875471606850624
0.0,0.0,0.0,0.0,0.0,0.0,0.0,0.0,0.0,0.0,0.0,-0.55511474609375,-0.4986622929573059,0.0,0.0,0.1756906807422638,-0.1471312791109085,0.0,0.0,0.1600835770368576,-0.16636772453784943,0.039492614567279816,0.09761452674865723,0.011985684745013714,-0.00463164784014225,0.05145610123872757,0.07021794468164444,0.05897800996899605,-0.059177618473768234
0.0,0.0,0.0,0.0,0.0,0.0,0.0,0.0,0.0,0.0,0.0,-0.55511474609375,-0.48824799060821533,0.0,0.0,0.1756906807422638,-0.14557960629463196,0.0,0.0,0.1600835770368576,-0.16649951040744781,0.039492614567279816,0.09549642354249954,0.011985684745013714,-0.004692902788519859,0.05145610123872757,0.06913415342569351,0.05897800996899605,-0.05946509167551994
0.0,0.0,0.0,0.0,0.0,0.0,0.0,0.0,0.0,0.0,0.0,-0.55511474609375,-0.47747668623924255,0.0,0.0,0.1756906807422638,-0.14381052553653717,0.0,0.0,0.1600835770368576,-0.1665080487728119,0.039492614567279816,0.09416667371988297,0.011985684745013714,-0.004732237197458744,0.05145610123872757,0.06845677644014359,0.05897800996899605,-0.05969768762588501
0.0,0.0,0.0,0.0,0.0,0.0,0.0,0.0,0.0,0.0,0.0,-0.55511474609375,-0.4675937294960022,0.0,0.0,0.1756906807422638,-0.14226821064949036,0.0,0.0,0.1600835770368576,-0.16665102541446686,0.039492614567279816,0.09349600225687027,0.011985684745013714,-0.004761380143463612,0.05145610123872757,0.06811899691820145,0.05897800996899605,-0.059946898370981216
0.0,0.0,0.0,0.0,0.0,0.0,0.0,0.0,0.0,0.0,0.0,-0.55511474609375,-0.4596785604953766,0.0,0.0,0.1756906807422638,-0.14121082425117493,0.0,0.0,0.1600835770368576,-0.16699641942977905,0.039492614567279816,0.09321452677249908,0.011985684745013714,-0.004787791986018419,0.05145610123872757,0.06798072159290314,0.05897800996899605,-0.060222964733839035
0.0,0.0,0.0,0.0,0.0,0.0,0.0,0.0,0.0,0.0,0.0,-0.55511474609375,-0.4545309245586395,0.0,0.0,0.1756906807422638,-0.14077430963516235,0.0,0.0,0.1600835770368576,-0.16752563416957855,0.039492614567279816,0.09303354471921921,0.011985684745013714,-0.004816518165171146,0.05145610123872757,0.06789151579141617,0.05897800996899605,-0.06051124259829521
0.0,0.0,0.0,0.0,0.0,0.0,0.0,0.0,0.0,0.0,0.0,-0.55511474609375,-0.45257213711738586,0.0,0.0,0.1756906807422638,-0.14098484814167023,0.0,0.0,0.1600835770368576,-0.1681731790304184,0.039492614567279816,0.09280494600534439,0.011985684745013714,-0.004848076496273279,0.05145610123872757,0.06777387112379074,0.05897800996899605,-0.0607837475836277
0.0,0.0,0.0,0.0,0.0,0.0,0.0,0.0,0.0,0.0,0.0,-0.55511474609375,-0.4537844955921173,0.0,0.0,0.1756906807422638,-0.14174307882785797,0.0,0.0,0.1600835770368576,-0.16881997883319855,0.039492614567279816,0.09250970184803009,0.011985684745013714,-0.004878391977399588,0.05145610123872757,0.06761790066957474,0.05897800996899605,-0.06099831685423851
0.0,0.0,0.0,0.0,0.0,0.0,0.0,0.0,0.0,0.0,0.0,-0.55511474609375,-0.45769408345222473,0.0,0.0,0.1756906807422638,-0.14285746216773987,0.0,0.0,0.1600835770368576,-0.16933125257492065,0.039492614567279816,0.09214075654745102,0.011985684745013714,-0.004902928601950407,0.05145610123872757,0.06742014735937119,0.05897800996899605,-0.06111555173993111
0.0,0.0,0.0,0.0,0.0,0.0,0.0,0.0,0.0,0.0,0.0,-0.55511474609375,-0.4634958505630493,0.0,0.0,0.1756906807422638,-0.14405402541160583,0.0,0.0,0.1600835770368576,-0.16954320669174194,0.039492614567279816,0.09171836823225021,0.011985684745013714,-0.004915705416351557,0.05145610123872757,0.06719174236059189,0.05897800996899605,-0.0610915869474411
0.0,0.0,0.0,0.0,0.0,0.0,0.0,0.0,0.0,0.0,0.0,-0.55511474609375,-0.4702516794204712,0.0,0.0,0.1756906807422638,-0.14504489302635193,0.0,0.0,0.1600835770368576,-0.16930803656578064,0.039492614567279816,0.09135393053293228,0.011985684745013714,-0.00490932771936059,0.05145610123872757,0.06699216365814209,0.05897800996899605,-0.06088869646191597
0.0,0.0,0.0,0.0,0.0,0.0,0.0,0.0,0.0,0.0,0.0,-0.55511474609375,-0.4772201180458069,0.0,0.0,0.1756906807422638,-0.1456611454486847,0.0,0.0,0.1600835770368576,-0.16858609020709991,0.039492614567279816,0.09123286604881287,0.011985684745013714,-0.004878594074398279,0.05145610123872757,0.06692011654376984,0.05897800996899605,-0.060502130538225174
0.0,0.0,0.0,0.0,0.0,0.0,0.0,0.0,0.0,0.0,0.0,-0.55511474609375,-0.48371535539627075,0.0,0.0,0.1756906807422638,-0.14581577479839325,0.0,0.0,0.1600835770368576,-0.1674255132675171,0.039492614567279816,0.0914902538061142,0.011985684745013714,-0.00482276501134038,0.05145610123872757,0.06704778224229813,0.05897800996899605,-0.059958722442388535
0.0,0.0,0.0,0.0,0.0,0.0,0.0,0.0,0.0,0.0,0.0,-0.55511474609375,-0.489108145236969,0.0,0.0,0.1756906807422638,-0.1454588621854782,0.0,0.0,0.1600835770368576,-0.16590319573879242,0.039492614567279816,0.0921892300248146,0.011985684745013714,-0.004743844736367464,0.05145610123872757,0.06740927696228027,0.05897800996899605,-0.0592963807284832
0.0,0.0,0.0,0.0,0.0,0.0,0.0,0.0,0.0,0.0,0.0,-0.55511474609375,-0.49291130900382996,0.0,0.0,0.1756906807422638,-0.14458535611629486,0.0,0.0,0.1600835770368576,-0.1641150265932083,0.039492614567279816,0.09331236779689789,0.011985684745013714,-0.004646343644708395,0.05145610123872757,0.06799596548080444,0.05897800996899605,-0.058559127151966095
0.0,0.0,0.0,0.0,0.0,0.0,0.0,0.0,0.0,0.0,0.0,-0.55511474609375,-0.4948435425758362,0.0,0.0,0.1756906807422638,-0.1432594507932663,0.0,0.0,0.1600835770368576,-0.16219277679920197,0.039492614567279816,0.09477058798074722,0.011985684745013714,-0.004537635017186403,0.05145610123872757,0.06876120716333389,0.05897800996899605,-0.05780155211687088
0.0,0.0,0.0,0.0,0.0,0.0,0.0,0.0,0.0,0.0,0.0,-0.55511474609375,-0.49485650658607483,0.0,0.0,0.1756906807422638,-0.1416163146495819,0.0,0.0,0.1600835770368576,-0.1603008508682251,0.039492614567279816,0.09641175717115402,0.011985684745013714,-0.004427580628544092,0.05145610123872757,0.06962490826845169,0.05897800996899605,-0.057086870074272156
0.0,0.0,0.0,0.0,0.0,0.0,0.0,0.0,0.0,0.0,0.0,-0.55511474609375,-0.4931468069553375,0.0,0.0,0.1756906807422638,-0.13986428081989288,0.0,0.0,0.1600835770368576,-0.1586395502090454,0.039492614567279816,0.09809830039739609,0.011985684745013714,-0.004326837137341499,0.05145610123872757,0.07051456719636917,0.05897800996899605,-0.056485842913389206
0.0,0.0,0.0,0.0,0.0,0.0,0.0,0.0,0.0,0.0,0.0,-0.55511474609375,-0.49013227224349976,0.0,0.0,0.1756906807422638,-0.13822877407073975,0.0,0.0,0.1600835770368576,-0.15738339722156525,0.039492614567279816,0.09974423050880432,0.011985684745013714,-0.004243694711476564,0.05145610123872757,0.07138479501008987,0.05897800996899605,-0.05605437979102135
0.0,0.0,0.0,0.0,0.0,0.0,0.0,0.0,0.0,0.0,0.0,-0.55511474609375,-0.48634636402130127,0.0,0.0,0.1756906807422638,-0.1368999183177948,0.0,0.0,0.1600835770368576,-0.15664033591747284,0.039492614567279816,0.1012328714132309,0.011985684745013714,-0.00418447982519865,0.05145610123872757,0.07217376679182053,0.05897800996899605,-0.05582341179251671
0.0,0.0,0.0,0.0,0.0,0.0,0.0,0.0,0.0,0.0,0.0,-0.55511474609375,-0.48222488164901733,0.0,0.0,0.1756906807422638,-0.13598552346229553,0.0,0.0,0.1600835770368576,-0.1564396172761917,0.039492614567279816,0.10236284881830215,0.011985684745013714,-0.004154487047344446,0.05145610123872757,0.07277505099773407,0.05897800996899605,-0.055800117552280426
0.0,0.0,0.0,0.0,0.0,0.0,0.0,0.0,0.0,0.0,0.0,-0.55511474609375,-0.4781268239021301,0.0,0.0,0.1756906807422638,-0.1355510801076889,0.0,0.0,0.1600835770368576,-0.15677973628044128,0.039492614567279816,0.10299357026815414,0.011985684745013714,-0.004156674258410931,0.05145610123872757,0.07311426848173141,0.05897800996899605,-0.05598091706633568
0.0,0.0,0.0,0.0,0.0,0.0,0.0,0.0,0.0,0.0,0.0,-0.55511474609375,-0.4744499921798706,0.0,0.0,0.1756906807422638,-0.13563549518585205,0.0,0.0,0.1600835770368576,-0.15762494504451752,0.039492614567279816,0.10308011621236801,0.011985684745013714,-0.004190538544207811,0.05145610123872757,0.07316712290048599,0.05897800996899605,-0.056347038596868515
0.0,0.0,0.0,0.0,0.0,0.0,0.0,0.0,0.0,0.0,0.0,-0.55511474609375,-0.471535325050354,0.0,0.0,0.1756906807422638,-0.13621968030929565,0.0,0.0,0.1600835770368576,-0.15888458490371704,0.039492614567279816,0.10261906683444977,0.011985684745013714,-0.004252483602613211,0.05145610123872757,0.0729309543967247,0.05897800996899605,-0.056860167533159256
0.0,0.0,0.0,0.0,0.0,0.0,0.0,0.0,0.0,0.0,0.0,-0.55511474609375,-0.46961072087287903,0.0,0.0,0.1756906807422638,-0.13724371790885925,0.0,0.0,0.1600835770368576,-0.16044428944587708,0.039492614567279816,0.10166200995445251,0.011985684745013714,-0.0043367184698581696,0.05145610123872757,0.07243213057518005,0.05897800996899605,-0.057474277913570404
0.0,0.0,0.0,0.0,0.0,0.0,0.0,0.0,0.0,0.0,0.0,-0.55511474609375,-0.46876847743988037,0.0,0.0,0.1756906807422638,-0.13860313594341278,0.0,0.0,0.1600835770368576,-0.1621670126914978,0.039492614567279816,0.10031858086585999,0.011985684745013714,-0.004435321781784296,0.05145610123872757,0.07172790914773941,0.05897800996899605,-0.058136261999607086
0.0,0.0,0.0,0.0,0.0,0.0,0.0,0.0,0.0,0.0,0.0,-0.55511474609375,-0.46897023916244507,0.0,0.0,0.1756906807422638,-0.14016658067703247,0.0,0.0,0.1600835770368576,-0.16391178965568542,0.039492614567279816,0.09873602539300919,0.011985684745013714,-0.00453946040943265,0.05145610123872757,0.07089566439390182,0.05897800996899605,-0.058792997151613235
0.0,0.0,0.0,0.0,0.0,0.0,0.0,0.0,0.0,0.0,0.0,-0.55511474609375,-0.47006088495254517,0.0,0.0,0.1756906807422638,-0.14180497825145721,0.0,0.0,0.1600835770368576,-0.1655624806880951,0.039492614567279816,0.09704876691102982,0.011985684745013714,-0.004641639534384012,0.05145610123872757,0.07000633329153061,0.05897800996899605,-0.05940260365605354
0.0,0.0,0.0,0.0,0.0,0.0,0.0,0.0,0.0,0.0,0.0,-0.55511474609375,-0.47177278995513916,0.0,0.0,0.1756906807422638,-0.1433718055486679,0.0,0.0,0.1600835770368576,-0.16699983179569244,0.039492614567279816,0.09532900899648666,0.011985684745013714,-0.0047357333824038506,0.05145610123872757,0.0690983384847641,0.05897800996899605,-0.05992565304040909
0.0,0.0,0.0,0.0,0.0,0.0,0.0,0.0,0.0,0.0,0.0,-0.55511474609375,-0.473785400390625,0.0,0.0,0.1756906807422638,-0.14473119378089905,0.0,0.0,0.1600835770368576,-0.16812829673290253,0.039492614567279816,0.09365186840295792,0.011985684745013714,-0.004816586617380381,0.05145610123872757,0.06821175664663315,0.05897800996899605,-0.06033208966255188
0.0,0.0,0.0,0.0,0.0,0.0,0.0,0.0,0.0,0.0,0.0,-0.55511474609375,-0.47587791085243225,0.0,0.0,0.1756906807422638,-0.14579720795154572,0.0,0.0,0.1600835770368576,-0.1688956618309021,0.039492614567279816,0.09212728589773178,0.011985684745013714,-0.00487977871671319,0.05145610123872757,0.06740498542785645,0.05897800996899605,-0.060604602098464966
0.0,0.0,0.0,0.0,0.0,0.0,0.0,0.0,0.0,0.0,0.0,-0.55511474609375,-0.47793710231781006,0.0,0.0,0.1756906807422638,-0.14652183651924133,0.0,0.0,0.1600835770368576,-0.16927537322044373,0.039492614567279816,0.09090016037225723,0.011985684745013714,-0.004921067971736193,0.05145610123872757,0.06675472110509872,0.05897800996899605,-0.060732152312994
0.0,0.0,0.0,0.0,0.0,0.0,0.0,0.0,0.0,0.0,0.0,-0.55511474609375,-0.47980478405952454,0.0,0.0,0.1756906807422638,-0.14687836170196533,0.0,0.0,0.1600835770368576,-0.1692715585231781,0.039492614567279816,0.09004724770784378,0.011985684745013714,-0.004939095117151737,0.05145610123872757,0.06630180031061172,0.05897800996899605,-0.06071728095412254
0.0,0.0,0.0,0.0,0.0,0.0,0.0,0.0,0.0,0.0,0.0,-0.55511474609375,-0.48131170868873596,0.0,0.0,0.1756906807422638,-0.14687560498714447,0.0,0.0,0.1600835770368576,-0.16893161833286285,0.039492614567279816,0.08960343897342682,0.011985684745013714,-0.004935151897370815,0.05145610123872757,0.0660649761557579,0.05897800996899605,-0.060579217970371246
0.0,0.0,0.0,0.0,0.0,0.0,0.0,0.0,0.0,0.0,0.0,-0.55511474609375,-0.48232436180114746,0.0,0.0,0.1756906807422638,-0.146560400724411,0.0,0.0,0.1600835770368576,-0.1683395355939865,0.039492614567279816,0.08956654369831085,0.011985684745013714,-0.004912705160677433,0.05145610123872757,0.06604335457086563,0.05897800996899605,-0.06035047769546509
0.0,0.0,0.0,0.0,0.0,0.0,0.0,0.0,0.0,0.0,0.0,-0.55511474609375,-0.48277196288108826,0.0,0.0,0.1756906807422638,-0.1460055559873581,0.0,0.0,0.1600835770368576,-0.1675952970981598,0.039492614567279816,0.08988878130912781,0.011985684745013714,-0.00487674493342638,0.05145610123872757,0.06621185690164566,0.05897800996899605,-0.06006923317909241
0.0,0.0,0.0,0.0,0.0,0.0,0.0,0.0,0.0,0.0,0.0,-0.55511474609375,-0.4826572835445404,0.0,0.0,0.1756906807422638,-0.14529204368591309,0.0,0.0,0.1600835770368576,-0.16679108142852783,0.039492614567279816,0.09047462791204453,0.011985684745013714,-0.004832937847822905,0.05145610123872757,0.06652005761861801,0.05897800996899605,-0.05977065861225128
0.0,0.0,0.0,0.0,0.0,0.0,0.0,0.0,0.0,0.0,0.0,-0.55511474609375,-0.4820469915866852,0.0,0.0,0.1756906807422638,-0.14449016749858856,0.0,0.0,0.1600835770368576,-0.1659914255142212,0.039492614567279816,0.09119828790426254,0.011985684745013714,-0.0047865682281553745,0.05145610123872757,0.06690147519111633,0.05897800996899605,-0.05947963893413544
0.0,0.0,0.0,0.0,0.0,0.0,0.0,0.0,0.0,0.0,0.0,-0.55511474609375,-0.4810870289802551,0.0,0.0,0.1756906807422638,-0.1436464935541153,0.0,0.0,0.1600835770368576,-0.165218323469162,0.039492614567279816,0.09199123084545135,0.011985684745013714,-0.004739920608699322,0.05145610123872757,0.06731978058815002,0.05897800996899605,-0.05920296162366867
0.0,0.0,0.0,0.0,0.0,0.0,0.0,0.0,0.0,0.0,0.0,-0.55511474609375,-0.4799731969833374,0.0,0.0,0.1756906807422638,-0.1427982598543167,0.0,0.0,0.1600835770368576,-0.16447389125823975,0.039492614567279816,0.09282320737838745,0.011985684745013714,-0.004693598486483097,0.05145610123872757,0.06775888055562973,0.05897800996899605,-0.0589384101331234
0.0,0.0,0.0,0.0,0.0,0.0,0.0,0.0,0.0,0.0,0.0,-0.55511474609375,-0.4788327217102051,0.0,0.0,0.1756906807422638,-0.14196744561195374,0.0,0.0,0.1600835770368576,-0.16375645995140076,0.039492614567279816,0.09366658329963684,0.011985684745013714,-0.0046480572782456875,0.05145610123872757,0.06820407509803772,0.05897800996899605,-0.05868366360664368
0.0,0.0,0.0,0.0,0.0,0.0,0.0,0.0,0.0,0.0,0.0,-0.55511474609375,-0.47769832611083984,0.0,0.0,0.1756906807422638,-0.14116379618644714,0.0,0.0,0.1600835770368576,-0.16306978464126587,0.039492614567279816,0.09449989348649979,0.011985684745013714,-0.004603899084031582,0.05145610123872757,0.06864402443170547,0.05897800996899605,-0.05843997746706009
0.0,0.0,0.0,0.0,0.0,0.0,0.0,0.0,0.0,0.0,0.0,-0.55511474609375,-0.47658219933509827,0.0,0.0,0.1756906807422638,-0.14039568603038788,0.0,0.0,0.1600835770368576,-0.1624206006526947,0.039492614567279816,0.09530714154243469,0.011985684745013714,-0.004561731591820717,0.05145610123872757,0.06907026469707489,0.05897800996899605,-0.058209918439388275
0.0,0.0,0.0,0.0,0.0,0.0,0.0,0.0,0.0,0.0,0.0,-0.55511474609375,-0.4755186140537262,0.0,0.0,0.1756906807422638,-0.13968345522880554,0.0,0.0,0.1600835770368576,-0.16182556748390198,0.039492614567279816,0.0960758849978447,0.011985684745013714,-0.004522434901446104,0.05145610123872757,0.06947625428438187,0.05897800996899605,-0.057999055832624435
0.0,0.0,0.0,0.0,0.0,0.0,0.0,0.0,0.0,0.0,0.0,-0.55511474609375,-0.4745749235153198,0.0,0.0,0.1756906807422638,-0.13906927406787872,0.0,0.0,0.1600835770368576,-0.16132064163684845,0.039492614567279816,0.09679409861564636,0.011985684745013714,-0.004487578757107258,0.05145610123872757,0.06985564529895782,0.05897800996899605,-0.057819221168756485
